fname,lname,gender,age,exercise,hours,grade,
Marcia,Pugh,female,17,3,10,82.4,
Kadeem,Morrison,male,18,4,4,78.2,
Nash,Powell,male,18,5,9,79.3,
Noelani,Wagner,female,14,2,7,83.2,
Noelani,Cherry,female,18,4,15,87.4,
Neil,Whitley,male,16,5,16,88.7,
Nelle,Golden,female,17,1,9,80.2,
Armando,Hoffman,male,17,5,18,95.1,
Illiana,Rojas,female,15,5,9,76.5,
Neil,Wooten,male,15,3,15,89.7,
Daquan,Alvarez,male,16,2,13,85.2,
Nola,Velazquez,female,15,2,10,75.3,
Quinn,Warren,female,14,4,12,80.7,
Frances,Velasquez,female,15,2,15,84.2,
Lareina,Poole,female,18,1,14,87.6,
Medge,Mccarthy,female,15,1,8,75.8,
Kibo,Gates,male,16,1,10,88.2,
Libby,Guzman,female,19,1,19,100,
Shelly,Rosario,female,18,4,13,84.3,
Lane,Tate,male,19,4,11,84.2,
Isadora,Case,female,18,3,11,79.1,
Maggy,Whitfield,female,15,1,15,90.5,
Elton,Wagner,male,16,2,9,71,
Lance,Benjamin,male,14,5,18,90.3,
Kyle,Skinner,male,17,5,6,82.4,
Colin,Cohen,male,14,1,10,83.8,
Solomon,Mcpherson,male,15,5,18,94.5,
Ulla,Warren,female,18,1,16,83.5,
Tyler,Collier,male,16,1,9,69.7,
Emma,Mccall,female,16,2,13,91.1,
Isaiah,Newman,male,16,2,12,91.9,
Carol,Acosta,female,16,3,13,85,
Georgia,Munoz,female,14,5,20,99,
Doris,Melendez,female,17,5,12,93.2,
Eric,Larsen,male,14,2,11,71.9,
Cain,Sexton,male,16,3,8,85.3,
Ivor,Arnold,male,19,4,20,100,
Devin,Jacobs,male,14,3,14,98.1,
Rebekah,Brock,female,16,2,5,68.9,
Cameran,Sears,female,14,4,8,75.4,
Norman,Cunningham,male,17,2,10,76.8,
Lenore,Copeland,female,14,4,8,74,
Keelie,Guerrero,female,15,1,12,81,
Hilel,Hamilton,male,15,2,17,95.2,
Dolan,Ford,male,14,3,3,64.2,
Rhea,Melton,female,18,5,12,95,
Fulton,Castaneda,male,14,3,10,71.2,
Kiayada,Bullock,female,18,3,11,74.9,
Aurelia,Clayton,female,14,5,3,72.1,
Nero,Klein,male,18,2,10,87.8,
Aladdin,Chambers,male,19,4,11,82.6,
Beau,Goff,male,19,2,15,85.1,
Octavius,Walker,male,15,2,11,81.3,
Allen,Livingston,male,18,5,13,89.4,
Basil,Fuller,male,16,3,9,86.4,
Reese,Kline,male,16,4,11,83.5,
Tate,Dunlap,male,17,2,6,67.7,
Jonah,Sosa,male,14,5,12,89.9,
Ingrid,Harvey,female,16,5,5,72.6,
Tanner,Vaughn,male,17,4,11,89.1,
Oleg,Mooney,male,16,3,10,71.3,
Piper,Lowery,female,19,2,5,61.4,
Genevieve,Adkins,female,15,1,8,67.3,
Lilah,Roman,female,19,4,9,85.9,
Illiana,Thompson,female,15,3,17,86,
Warren,Pope,male,18,4,5,76.3,
Regan,Foley,female,16,2,9,77.4,
Justin,Morris,male,19,5,10,77.5,
Isaiah,Patrick,male,19,4,3,65.3,
Daryl,Benson,female,19,1,18,93.8,
Barbara,Berger,female,16,3,12,82.7,
Christine,Briggs,female,14,5,18,91.9,
Iola,Bowers,female,19,3,11,88.4,
Lars,Oconnor,male,18,4,8,67.9,
Jaden,Maldonado,female,16,4,10,84.5,
Signe,Lopez,female,18,2,13,76.7,
Deanna,Warren,female,19,1,9,83.2,
Quemby,Justice,female,14,2,17,100,
Shafira,Guthrie,female,17,4,12,85.3,
Ariana,Pacheco,female,17,1,5,70.9,
Hoyt,Lyons,male,16,5,1,71.3,
Justin,Holden,male,18,3,17,83.5,
Phelan,Rich,male,16,1,6,74.9,
Honorato,Villarreal,male,14,1,12,73.3,
Hashim,Hopkins,male,18,3,10,77.9,
Porter,Ware,male,14,1,16,90.4,
Joan,Sexton,female,18,5,18,96.6,
Alexa,Gutierrez,female,17,4,6,81.2,
Sean,Molina,male,17,1,8,67.7,
Lucius,Herrera,male,14,2,19,88,
Sydnee,Campbell,female,18,2,15,99.4,
Allistair,Rosales,male,14,4,3,67,
Alyssa,Craig,female,19,5,11,93,
Cody,Lara,male,18,1,6,69,
Bernard,Mcconnell,male,14,2,10,78.3,
Jonah,Mckinney,male,15,2,11,74.9,
Yen,Cooke,female,14,4,11,87.9,
Cassidy,Hughes,female,15,3,17,92,
Gisela,Johnston,female,19,1,8,68,
Yetta,Howell,female,17,3,13,89.2,
Gabriel,Morton,male,16,2,15,91.3,
Sage,Cleveland,female,19,2,20,100,
Shannon,Key,female,15,1,11,83.7,
Sigourney,Mitchell,female,14,2,12,82.5,
Adrienne,Klein,female,18,3,12,77.3,
Chaney,Hoffman,male,14,3,13,93.6,
Fritz,Park,male,14,2,18,93.2,
Clinton,Donaldson,male,16,5,10,88.4,
Lara,Haley,female,17,5,12,95.6,
Sophia,Gordon,female,19,4,17,100,
Kaye,Howard,female,19,5,13,94.9,
Quinlan,Rollins,male,15,5,8,73.3,
Xanthus,Barlow,male,19,5,16,95.5,
Hamilton,Terrell,male,15,5,16,96.6,
Zeus,Ratliff,male,14,2,16,88.8,
Valentine,Osborne,male,19,5,12,92.2,
Zahir,Watkins,male,14,2,14,92,
Debra,Wilkerson,female,16,4,5,66.3,
Clio,Wilson,female,14,1,5,65.3,
Cathleen,Hayden,female,18,4,3,73.4,
Yolanda,Vaughan,female,14,2,15,94,
Guinevere,Romero,female,18,5,14,84.2,
Keelie,Rice,female,19,4,9,88.4,
Bethany,Sullivan,female,15,3,9,73.1,
Salvador,Gray,male,14,1,13,84.2,
Violet,Jennings,female,14,1,5,62.6,
Lewis,Jones,male,15,5,11,92.6,
Lunea,Mcfadden,female,17,1,17,91.6,
Shaeleigh,Clayton,female,19,2,12,92.4,
Nathan,Payne,male,15,1,8,79.1,
Stella,Smith,female,14,1,6,76.2,
Kelly,Shannon,male,18,5,14,90.9,
Yael,Mcdowell,female,18,3,16,85.2,
Zena,Schultz,female,19,3,12,80.1,
Chaney,Harrington,male,19,4,11,89.3,
Conan,Wall,male,19,3,6,66.8,
Jamalia,Bowman,female,16,1,13,77.8,
Shana,Castro,female,14,1,14,95,
Merrill,Duran,male,17,2,10,76.3,
Gregory,Lawrence,male,19,3,14,86.8,
Rebecca,Bird,female,19,2,7,82.5,
Sheila,Koch,female,15,5,13,97.1,
Dane,Flynn,male,18,5,12,87.4,
Connor,Salas,male,19,5,17,90.7,
Baxter,Hardy,male,14,5,9,75.1,
Jorden,Sharp,female,17,4,12,90.2,
Hu,Weber,male,17,3,9,84.2,
Maite,Walters,female,16,3,10,74,
Alfreda,Mays,female,15,4,7,71.6,
Dexter,Wells,male,16,3,5,68.9,
Sawyer,Hart,male,19,4,8,69.4,
Maggie,Rich,female,19,2,11,77.3,
Hashim,Callahan,male,16,1,11,71.8,
Darius,Gilbert,male,19,3,9,86.3,
Rosalyn,Le,female,18,1,14,88.3,
Jordan,Holt,male,18,3,4,72.1,
Chase,Flynn,male,19,3,7,81.1,
Jane,Welch,female,15,3,16,93.7,
Grant,Strickland,male,19,1,6,79,
Darius,Miranda,male,19,1,16,93.3,
Arthur,Pacheco,male,15,3,14,96.9,
Hedda,Ramos,female,16,5,5,82.3,
Farrah,Palmer,female,15,5,11,91.3,
Bree,Weaver,female,16,4,12,83.3,
Elton,Preston,male,17,4,20,97.8,
Ciaran,Johns,male,16,4,15,100,
Miranda,Le,female,19,3,10,80.6,
Geraldine,Farrell,female,16,3,10,84.9,
Callie,Hoffman,female,15,3,9,71.9,
Jelani,Kaufman,male,14,3,14,94.1,
Solomon,Rosales,male,19,3,17,91.1,
Callie,Washington,female,17,2,7,77,
Carson,Meadows,male,17,5,8,75.4,
Joseph,Mclean,male,16,1,14,81.8,
Britanni,Tucker,female,19,1,13,89.7,
Raja,Stuart,male,14,1,13,82.5,
Quail,Bonner,female,18,5,6,68,
Dana,Deleon,female,18,1,14,82.7,
Evangeline,Cox,female,14,5,13,88.9,
Slade,Padilla,male,17,5,16,93.1,
Latifah,Daugherty,female,18,5,6,81,
Beverly,Benson,female,14,4,17,89.7,
Solomon,Beach,male,14,4,13,90.3,
Nyssa,George,female,19,2,10,80.2,
Lars,David,male,14,1,16,84.3,
Halla,Newman,female,16,3,8,80.5,
Gay,Wagner,female,17,4,7,75,
Ariana,Hess,female,15,4,14,99.1,
Victor,Mcdonald,male,15,2,11,76.4,
Jocelyn,Brock,female,15,2,7,72.7,
Hoyt,Salazar,male,19,4,14,89.9,
Mohammad,Drake,male,18,2,18,99.6,
Russell,Eaton,male,17,4,9,73.4,
Chava,Carey,female,18,4,14,91.5,
Danielle,Wade,female,19,2,6,64.3,
Hector,Aguilar,male,14,1,9,68.8,
Ocean,Koch,female,19,4,12,88,
Jescie,Snyder,female,17,3,5,77,
Ciara,Burris,female,18,4,14,88,
Nigel,Morris,male,16,2,11,77,
Michelle,Webster,female,19,1,11,90.3,
Maris,Holt,female,14,2,6,68.2,
Jarrod,Calderon,male,19,1,12,79.6,
Hanna,Rose,female,14,3,15,90.8,
Timon,Goodman,male,19,4,20,98,
Ginger,Stevens,female,18,1,14,84.6,
Nathan,Gonzales,male,16,1,8,74.3,
Madaline,Ayala,female,15,1,8,78.2,
Dante,Malone,male,18,4,12,87.3,
Colette,Workman,female,15,2,12,81.1,
Keith,Zimmerman,male,14,3,10,86,
Channing,Stark,male,16,3,7,65.3,
Dexter,Knowles,male,18,5,7,75.2,
Kermit,Raymond,male,17,4,13,90.8,
Anthony,Bishop,male,19,2,5,61.6,
Keaton,Velazquez,male,14,1,9,72.7,
Adam,Ray,male,18,4,8,74.9,
TaShya,Cote,female,15,5,10,87.5,
Breanna,Silva,female,16,5,12,86,
Xanthus,Schmidt,male,19,2,12,88.9,
Audrey,Coffey,female,19,1,14,90.5,
Marshall,Cooke,male,18,5,13,86.3,
Destiny,Hansen,female,18,1,17,91.9,
Conan,Kirkland,male,15,5,11,85.2,
Venus,Navarro,female,14,1,12,77,
Naida,Delacruz,female,17,2,9,70.3,
Uriah,Cummings,male,18,3,20,100,
Barry,Mcgowan,male,16,3,8,69.3,
Hall,Flynn,male,18,2,6,71.9,
Harriet,Harvey,female,15,3,8,76.1,
Christopher,Arnold,male,19,2,6,77.9,
Regina,Hays,female,18,3,13,94.7,
Nicole,Castillo,female,18,2,8,80.5,
Devin,Snider,male,16,1,12,88.5,
Natalie,Delaney,female,16,4,18,90.8,
Rahim,Nicholson,male,16,4,11,76.1,
Teagan,Mullins,female,15,1,12,91.3,
Jenette,Moon,female,16,5,12,81,
Brenna,Morse,female,17,3,16,89,
Hayley,Wolf,female,14,1,10,87.3,
Allistair,Jenkins,male,17,2,11,80.8,
Jackson,Hester,male,14,5,11,79.5,
Sylvia,Logan,female,19,5,9,73.2,
Dante,Terrell,male,14,4,4,63.4,
Wynne,Herring,female,15,2,8,71.4,
Lester,Russell,male,18,5,14,82,
Sage,Donovan,female,14,4,12,77.4,
Raja,Cox,male,14,2,17,90.6,
Ciara,Rivers,female,17,2,11,86.8,
Phyllis,Walters,female,18,4,19,100,
Kennedy,Ryan,male,15,1,10,83,
Shaeleigh,Gallagher,female,16,2,11,81.7,
Rose,Middleton,female,15,2,20,100,
Portia,Campbell,female,18,5,10,80.9,
Kasper,Hammond,male,17,3,10,71.9,
Lamar,Day,male,17,4,17,95,
Rylee,Ward,female,18,2,9,88.4,
Kasimir,Peck,male,15,4,4,75,
Xyla,Roman,female,14,3,16,87.9,
Gavin,Deleon,male,16,5,9,77.9,
Shellie,Moreno,female,14,1,13,84.4,
Lydia,Oneal,female,14,2,5,78.1,
Cain,Russo,male,19,1,10,83.6,
Megan,Kennedy,female,16,4,11,90.4,
Noah,Cote,male,14,2,13,84.3,
Wynne,Downs,female,18,5,3,76,
Caldwell,Shaw,male,14,3,15,95.3,
Keith,Dominguez,male,14,3,9,84.2,
Alma,Hewitt,female,17,4,15,99.3,
Josephine,Lynn,female,18,3,15,99.2,
Forrest,Rollins,male,17,2,19,87.2,
Perry,Ramsey,male,18,4,8,87.5,
Cody,Merritt,male,19,5,5,75.3,
Camden,Day,male,15,4,8,82.7,
Eve,Mayer,female,17,4,15,83.7,
Leslie,Kaufman,female,18,3,18,90.3,
Declan,Hinton,male,15,2,12,76.5,
Roth,Patrick,male,14,2,13,90.4,
Nathan,Phillips,male,15,4,8,71.2,
Elvis,Watkins,male,14,2,11,80.7,
Germaine,Nunez,female,18,2,15,95.2,
Audra,Combs,female,17,5,12,78.5,
Lavinia,Marshall,female,17,3,9,74.6,
Kadeem,Garcia,male,15,2,10,73.3,
Roth,Dickson,male,16,5,12,77.6,
Chava,Meadows,female,16,4,11,93,
Mary,Estrada,female,18,2,9,74,
Dylan,Espinoza,male,19,4,10,74.1,
Haley,Cruz,female,18,1,4,71.1,
Thomas,Dotson,male,14,5,11,84,
Jayme,Chang,female,15,4,6,78.4,
Hall,Rowland,male,18,2,14,92.2,
Amanda,Vincent,female,15,4,10,88.5,
Ria,Bowen,female,15,2,5,76.5,
Illiana,Branch,female,14,5,4,69.8,
Vanna,Mccarthy,female,16,5,9,76.5,
Nathan,Gutierrez,male,17,4,12,77.1,
Jane,Allison,female,17,2,11,74.5,
Christopher,Warner,male,14,2,15,84.5,
Fiona,Higgins,female,18,1,11,77.5,
Jemima,Vargas,female,17,1,8,74.9,
Raven,Mendez,female,18,5,13,87,
Quintessa,Boyle,female,16,3,3,69.4,
Kamal,Walton,male,14,1,17,100,
Cassandra,Barton,female,18,4,12,79.5,
Hayes,Ellis,male,19,1,5,74,
Jana,Schroeder,female,14,5,9,82.6,
Janna,King,female,15,1,6,77,
Britanni,Fletcher,female,15,1,10,80.7,
Hanna,Dorsey,female,19,2,14,96.6,
Honorato,Hogan,male,17,1,19,90.1,
Jane,Reed,female,15,1,9,72.5,
Nita,Rios,female,19,1,15,80.4,
Zena,Kirk,female,18,3,12,89,
Cally,Garrison,female,17,3,7,84.7,
Nissim,Oconnor,male,16,5,14,94.7,
Nicole,Webb,female,14,3,14,94.2,
Todd,Cunningham,male,16,1,16,81.4,
Rina,Combs,female,17,3,13,84.2,
Price,Tran,male,17,2,10,74.1,
Shad,Walker,male,17,3,10,78.7,
Lysandra,Copeland,female,19,5,19,100,
Rhiannon,Terrell,female,14,2,13,88.9,
Jackson,Williamson,male,15,1,10,75.3,
Leigh,Jones,female,18,3,4,74.5,
Thor,Ramos,male,17,3,18,100,
Reese,Morales,male,19,2,8,71.2,
Ray,Randall,male,16,4,10,73.2,
Tasha,Wilkins,female,15,4,16,99.2,
Yoko,Cain,female,16,4,16,96.5,
Curran,Petersen,male,14,5,8,72.9,
Garrison,Carson,male,17,4,6,81.2,
Judith,Perez,female,17,5,12,93.1,
Hammett,Rios,male,17,1,7,78.8,
Flynn,Berger,male,17,2,10,84.9,
Steven,Everett,male,17,3,12,79.3,
Lucy,Rodriquez,female,16,2,10,79.6,
Orlando,Osborne,male,19,4,8,69.3,
Micah,Wolfe,male,14,4,11,83.2,
Lunea,Harper,female,17,4,11,92.3,
Abbot,Hall,male,16,4,3,58.9,
Zia,Ratliff,female,19,2,19,88.4,
Charissa,West,female,18,4,6,69.9,
Athena,Collins,female,17,1,4,71.3,
Fuller,Christian,male,15,5,9,82,
Shelley,Nielsen,female,15,5,10,88.1,
Hamish,Carey,male,17,1,6,75.6,
Jayme,Santiago,female,16,3,6,77.1,
Isaiah,Harrell,male,17,5,7,75.8,
Rudyard,Horton,male,19,3,13,77.5,
Georgia,Hensley,female,16,5,11,87.4,
Nehru,Ballard,male,14,1,19,93.3,
Ciara,Valdez,female,19,4,7,73.1,
Keelie,Sparks,female,14,5,16,99.5,
Evan,Ball,male,14,2,9,80.7,
Kadeem,Marshall,male,17,5,18,100,
Luke,Santana,male,17,1,0,75,
Sara,Gonzalez,female,14,2,6,72.4,
Rhiannon,Douglas,female,16,3,15,82.5,
Margaret,Mitchell,female,19,2,14,94.9,
Nomlanga,Hoover,female,18,1,11,80,
Jescie,Horne,female,18,0,16,83.4,
Claire,Wheeler,female,14,2,14,90.4,
Madeson,Wilkins,female,15,4,16,98,
Prescott,Kaufman,male,15,1,17,96.3,
Kaitlin,Solomon,female,17,1,8,66.4,
Yardley,Horne,male,18,1,10,79.6,
Hasad,Rice,male,19,4,16,95.9,
Tana,Rodgers,female,15,5,15,96.6,
Mufutau,Dawson,male,17,5,14,99.9,
Paul,Haley,male,18,5,17,84.2,
Bryar,Melendez,female,18,5,12,93.4,
Arthur,Morse,male,19,1,14,80.2,
Inga,Sharpe,female,17,1,5,74.1,
Steel,Solomon,male,16,4,13,87.3,
Brianna,Trevino,female,18,3,13,82.6,
Noah,Blanchard,male,14,2,14,88.1,
Kelsie,Diaz,female,15,4,15,93.9,
Jacob,Finch,male,15,2,14,87.1,
Baker,Winters,male,15,2,14,89.8,
Jael,Knapp,female,14,3,15,83.7,
Norman,Kinney,male,15,3,14,88,
Jacob,Gray,male,15,3,17,100,
Cynthia,Hurley,female,16,4,12,81,
Elijah,Bell,male,19,5,16,88.4,
Isaiah,Avery,male,15,3,9,82.3,
Miriam,Jacobson,female,17,2,10,77.8,
Hiroko,Koch,female,17,4,15,90.4,
Colton,Ochoa,male,17,1,4,60.3,
Caldwell,Dorsey,male,17,5,9,79.1,
Pandora,Dickerson,female,15,2,3,70.5,
Thomas,Boyer,male,17,4,17,89.9,
Phelan,Mcmillan,male,17,3,17,98,
Gabriel,Jordan,male,16,4,2,62,
Kamal,Dodson,male,17,4,7,77.6,
Holmes,Lawson,male,18,2,16,98.7,
Preston,Church,male,17,1,8,66.1,
Chester,Becker,male,19,3,14,89.4,
Quamar,Delaney,male,15,4,11,91.3,
Amery,Mcmahon,male,19,3,12,84.2,
Vance,Cherry,male,17,2,6,65.1,
Lee,Ramsey,female,19,1,10,86.5,
Malik,Vega,male,19,2,10,72.3,
Dana,Weaver,female,14,3,6,67.3,
Kelly,Crane,male,14,2,8,80.6,
Ryan,Petersen,male,16,5,11,81.3,
Brett,Wilkerson,male,18,2,7,76,
Veda,Gilbert,female,18,4,12,82.5,
Ezekiel,Alexander,male,16,5,8,81.5,
Ulla,Marshall,female,17,2,12,81,
Linda,Baldwin,female,16,5,2,59,
Ulysses,Huber,male,14,1,7,66.6,
Tana,Frye,female,17,3,6,81.2,
Kaye,Potts,female,19,1,5,66.6,
Marshall,Reeves,male,15,4,11,83,
Hedley,Rodriguez,male,15,3,8,78.3,
Gillian,Cunningham,female,19,5,13,82.9,
Nadine,Jacobson,female,17,4,11,75.5,
Nathan,Ferrell,male,16,2,13,77.5,
Amethyst,Christensen,female,15,5,6,80.4,
Nigel,Wilkins,male,19,5,10,90,
Nigel,Mclean,male,18,4,12,77.6,
Dara,Weber,female,15,3,11,85.7,
Neil,Beck,male,16,2,18,91.4,
Mollie,Ryan,female,15,1,14,97.2,
Yolanda,Hanson,female,15,4,16,94.3,
Sonia,Jacobson,female,18,1,14,88.2,
Dustin,Chambers,male,17,5,15,94.7,
Berk,Austin,male,19,5,11,88.1,
Scott,Snow,male,16,4,5,77.2,
Nicole,Harrell,female,18,4,10,76.7,
Myra,Wilkinson,female,14,5,14,86.2,
Shoshana,Moses,female,14,3,13,87.4,
Asher,Sloan,male,17,5,7,70.2,
Kaden,Grant,female,17,5,14,100,
Aaron,Knowles,male,16,4,11,88.7,
Chester,Stuart,male,19,2,5,65.3,
Quin,Prince,female,18,5,15,92.4,
Jared,Randall,male,19,1,11,89,
September,Hoffman,female,16,3,11,82.8,
Maxwell,Carver,male,15,1,11,81.8,
Miranda,Donovan,female,16,2,4,63.7,
Shaine,Harrell,female,14,1,11,90.3,
Craig,Sweeney,male,15,4,10,88.1,
Claudia,Bradshaw,female,19,4,10,80.4,
Adria,Bender,female,19,1,7,76.8,
Alfonso,Petersen,male,17,5,11,88.8,
Henry,Chang,male,18,2,16,94.6,
Zachery,Dorsey,male,16,4,15,85.5,
Barclay,Finley,male,18,4,11,86.9,
Audra,Stout,female,14,5,10,85.1,
Ila,Mooney,female,14,5,12,93.8,
Felix,Spears,male,16,2,11,76.5,
Roanna,Hoover,female,17,5,15,94.2,
Audra,Murphy,female,18,1,12,74.2,
Isaac,Gray,male,16,5,12,81,
Laura,Shannon,female,16,4,13,82.4,
Myra,Parrish,female,19,5,15,100,
Iola,Fernandez,female,17,1,14,81.6,
Inez,Stephenson,female,17,5,17,100,
Kyra,Love,female,19,2,12,93,
Emery,Shepherd,male,14,5,11,89,
Sade,Juarez,female,18,3,5,61.1,
Aline,Bond,female,18,4,6,68.2,
Cyrus,Kelley,male,19,5,13,81.8,
Patrick,Bell,male,19,1,11,85,
Kuame,Gordon,male,18,1,16,83.5,
Yvette,Coleman,female,18,4,17,89.8,
Ronan,Howell,male,19,3,4,68,
Courtney,Bryan,female,16,5,15,88.3,
Tate,Fletcher,male,15,3,12,87.2,
Pascale,Freeman,female,16,5,15,96.4,
Morgan,Ayala,female,14,5,4,73,
Declan,Manning,male,18,4,16,100,
Dana,Vang,female,17,4,14,88.7,
Orlando,Mcguire,male,15,1,13,84.4,
Giselle,Estes,female,15,1,6,65.9,
Ryan,Hodge,male,17,1,4,60.9,
Kylee,Santana,female,18,4,10,90.3,
Laith,Henderson,male,19,1,6,67.4,
Sarah,Gibbs,female,15,5,9,71.3,
Hiroko,Parsons,female,14,3,17,95.4,
John,Branch,male,15,2,17,86.5,
Inez,Vargas,female,16,2,19,93.4,
Ciaran,Brady,male,19,3,3,62.5,
Elvis,Stewart,male,16,5,8,85.1,
Elton,Sanchez,male,16,4,9,70.1,
Bertha,Waller,female,19,5,8,80.5,
Cameron,Craig,female,16,4,11,76.7,
Griffin,Woodward,male,19,5,14,92.5,
Savannah,Sherman,female,14,3,16,87.3,
Sydnee,Carpenter,female,14,4,11,75.3,
Clarke,Crawford,male,18,1,8,77.8,
Aileen,Mcgee,female,19,5,10,85.4,
Michael,Bell,male,15,3,7,64.1,
Ivana,Watts,female,16,5,9,87.4,
Kerry,Mcbride,female,16,1,6,67,
Kasimir,Clarke,male,16,5,8,68.2,
Celeste,Alford,female,14,5,8,73.2,
Nyssa,Kent,female,17,5,4,76.1,
Jolene,Rivers,female,14,5,10,79.3,
Bo,Miranda,female,18,1,11,82.8,
Summer,Lang,female,15,3,12,85.8,
Gloria,Morrison,female,15,1,10,88,
Bethany,Fields,female,14,5,12,88.2,
Sonia,Kelly,female,17,4,7,83.6,
Noah,Suarez,male,16,1,12,82.6,
Travis,Avery,male,15,4,12,85.1,
Dai,Osborne,female,19,5,20,100,
Rebekah,Skinner,female,16,2,13,81.7,
Zorita,Oliver,female,16,2,12,93.1,
Tara,Townsend,female,14,1,9,71,
Kaitlin,Lane,female,15,3,10,71,
Preston,Paul,male,16,4,8,67.8,
Kirk,Keller,male,16,4,6,77,
Zeph,Gilmore,male,19,3,9,88.3,
Rahim,Weaver,male,19,4,12,92.9,
Linus,Snow,male,18,5,17,88.4,
Vladimir,Salinas,male,17,3,5,70.9,
Wang,Reed,male,16,5,13,93.7,
Kaseem,Leon,male,18,1,5,67.1,
Yetta,Vasquez,female,17,2,6,77.3,
Lacey,Tucker,female,17,4,16,87.5,
James,Mccormick,male,15,3,5,71,
Inga,Webster,female,14,3,10,75.9,
Eagan,Oliver,male,17,4,11,86.6,
Orson,Burton,male,18,3,17,96.6,
Noelani,Villarreal,female,19,1,5,75.4,
Chester,Vance,male,17,1,5,60.1,
Stuart,Powell,male,17,1,6,64.1,
Robert,Bass,male,16,4,9,73.8,
Zephania,Dotson,male,16,4,14,98.1,
Robin,Adkins,female,16,4,4,68,
Kamal,Wheeler,male,17,5,15,86.3,
William,Greene,male,19,4,11,84,
Merritt,Donovan,male,16,5,7,83.1,
Orla,Carlson,female,19,3,8,75.8,
Byron,Buckner,male,16,2,13,92.9,
Aimee,Sheppard,female,14,3,12,87,
Daphne,Patel,female,19,1,10,82.2,
Clarke,Mills,male,17,2,9,83.1,
Kameko,Flynn,female,17,3,15,86.6,
Kamal,Pacheco,male,16,1,14,84.1,
Kuame,Conrad,male,18,3,14,92.6,
Erasmus,Maynard,male,17,4,15,87.3,
Mufutau,Clayton,male,17,1,16,86,
Daria,Taylor,female,19,3,14,87.1,
Hamilton,Mclean,male,16,3,14,82,
Belle,Walter,female,19,4,14,85.7,
Honorato,Finley,male,17,5,9,77.6,
Josephine,Jennings,female,15,2,12,89,
Quentin,Bryan,male,19,4,7,77.7,
Lars,Hines,male,18,1,5,71,
Wade,Holden,male,15,3,12,92.6,
Faith,Cotton,female,17,4,15,99.8,
Bruno,Humphrey,male,16,3,12,76.8,
Lacey,Nieves,female,18,1,2,57.9,
Odette,Herrera,female,16,5,6,82.8,
Davis,Reese,male,19,3,15,87.7,
Wang,Dorsey,male,18,3,10,76.3,
Todd,Madden,male,19,4,13,89.8,
Oren,Porter,male,16,4,14,80.8,
Sharon,Hull,female,14,5,8,79,
Kareem,Hudson,male,18,4,16,98.6,
Unity,Preston,female,19,1,14,86.8,
Ella,Cantrell,female,18,4,15,96.5,
Hanna,Burton,female,15,1,14,81.5,
Cody,Giles,male,15,5,9,79.2,
Latifah,Williamson,female,17,3,6,66.7,
Aileen,Huff,female,16,4,13,96.5,
Brittany,Odom,female,17,5,13,91.5,
Marny,Daniels,female,17,2,4,69,
Dieter,Tyson,male,18,2,8,67.9,
Raja,Burt,male,17,3,8,82.6,
Irma,Bradley,female,14,3,6,66.2,
Gray,Reilly,male,16,1,12,87.5,
Pamela,Holder,female,16,4,4,61.8,
Conan,Stout,male,19,5,6,70,
Stella,Phillips,female,18,1,8,66.1,
Xenos,Snow,male,14,2,12,91.4,
Justin,Pierce,male,18,4,15,92,
Kareem,Munoz,male,15,1,9,81.4,
Ali,Underwood,male,18,1,13,89.5,
Bethany,Duke,female,19,5,9,79.4,
Amaya,Green,female,17,1,19,99.2,
Wyatt,Marsh,male,17,1,6,74.7,
Carol,Sparks,female,17,2,17,91.1,
Kiona,Collier,female,14,4,11,84,
Jocelyn,Ashley,female,14,3,9,73.4,
Shellie,Murray,female,18,1,13,85.3,
Talon,Rush,male,17,3,16,98.1,
Alana,Berry,female,17,3,11,87.5,
Steel,Tanner,male,14,5,12,80.7,
Elvis,Clayton,male,17,3,8,81.1,
Silas,Paul,male,19,1,15,94.2,
Yasir,Fowler,male,18,1,5,73.5,
Breanna,Gillespie,female,19,1,12,82.5,
Nasim,Fernandez,male,16,2,14,83.8,
Kaitlin,Mccarthy,female,17,1,14,95.4,
Cassidy,Hogan,female,18,3,5,76.9,
Ebony,David,female,17,3,12,90.5,
Leila,Riggs,female,15,3,9,71.4,
Troy,Raymond,male,18,5,11,80.3,
Buckminster,Craig,male,19,5,14,95.2,
Kessie,Gonzalez,female,19,3,13,86.4,
Ariel,Cortez,female,18,5,3,74.7,
Cailin,Crosby,female,19,3,12,75.5,
Calvin,Maldonado,male,18,5,9,82.7,
Connor,Huber,male,19,4,8,84.9,
Libby,Odonnell,female,17,1,6,65.1,
Kiara,Singleton,female,16,4,19,100,
Dante,Odom,male,18,3,10,79.9,
Dalton,Washington,male,17,5,14,90.4,
Bruce,Cobb,male,18,5,15,95.8,
Cara,Hudson,female,15,1,8,66.1,
Carla,Larsen,female,18,1,16,95.2,
Ali,Franks,male,18,5,20,100,
Cadman,Whitaker,male,18,5,4,67.8,
Holmes,Carson,male,15,5,15,92.2,
Lee,Alford,male,16,1,15,83.7,
Virginia,Rodgers,female,18,2,5,75,
Gwendolyn,Vazquez,female,19,5,19,100,
Althea,Ratliff,female,19,2,10,79.4,
Micah,Gilbert,male,19,5,11,76.1,
Jordan,Spears,male,17,5,13,89.4,
Walker,Terrell,male,18,2,9,85.4,
Lunea,Grant,female,16,1,15,88.7,
Odessa,Puckett,female,14,5,13,84.3,
Risa,Chang,female,14,5,17,98.6,
Juliet,Collier,female,18,2,14,94.6,
Flavia,Jones,female,18,4,4,66.6,
Noble,Zamora,male,17,1,14,91.7,
Catherine,Lynch,female,15,2,10,81.9,
Carissa,Fuller,female,18,3,7,76.8,
Aiko,Mullins,female,15,3,15,95.5,
Nora,Gonzales,female,17,2,10,85.5,
Armando,Holman,male,17,5,7,76.5,
Kendall,Shepherd,female,16,2,14,81.2,
Virginia,Murphy,female,17,4,12,81.6,
Hashim,Knox,male,19,1,5,66.8,
Hedley,Benton,male,18,3,12,78.2,
Quamar,Sherman,male,17,4,9,80.2,
Tatum,Buchanan,female,18,2,7,71.9,
Abraham,Mccormick,male,18,2,10,73.7,
Drake,Winters,male,17,4,19,100,
Stella,Taylor,female,19,3,3,65.5,
Lawrence,Willis,male,16,1,11,75.2,
Rylee,Mcpherson,female,19,5,10,76.8,
Tate,Crosby,male,19,3,3,68.6,
Gavin,Tran,male,18,2,10,70.4,
Blossom,House,female,19,4,8,81.1,
Carolyn,Wolfe,female,14,5,9,85.2,
Zia,Tyson,female,14,3,15,88.2,
Fitzgerald,Hammond,male,18,1,16,85.9,
Bruno,Sharpe,male,16,5,10,90.4,
Silas,Gillespie,male,16,1,13,85.6,
Xantha,Parrish,female,18,4,9,74,
Maxine,Cooley,female,19,3,9,77,
Levi,Maddox,male,19,2,8,68.1,
Judah,Wise,male,15,1,14,93.8,
Tanya,Coleman,female,19,3,10,74.6,
Camille,Barr,female,14,4,14,100,
Sarah,Bruce,female,14,2,9,75.4,
Colton,Charles,male,17,5,8,80.1,
Alika,Poole,female,19,2,16,32,
Ifeoma,Hendricks,female,17,3,13,79,
Hakeem,Dorsey,male,15,2,5,74.7,
Reese,Heath,male,18,4,8,75.3,
Lance,Steele,male,15,1,14,92.2,
Adrienne,Conrad,female,18,1,9,73.4,
Aretha,Fisher,female,14,1,13,83.2,
Jeremy,Rowe,male,19,3,10,83.4,
Ciaran,Gay,male,19,4,3,59.3,
Nero,Burgess,male,17,1,16,87.6,
Tyrone,Stephenson,male,18,5,17,91.4,
Ashton,Mullen,male,16,1,16,80.1,
Samantha,Freeman,female,15,2,13,87.4,
Katell,Stafford,female,15,5,9,74,
Callum,Whitley,male,16,5,11,80.2,
Miriam,Elliott,female,16,1,13,80.9,
David,Nichols,male,19,4,12,75.7,
Kalia,Moss,female,15,2,11,84.5,
Quon,James,female,19,2,5,71.4,
Cyrus,Landry,male,19,4,12,80.4,
Keane,Copeland,male,16,1,6,67.5,
Hammett,Schroeder,male,19,2,12,86.2,
Arthur,Sims,male,16,2,11,80.5,
Mary,Vang,female,18,1,7,70.6,
Patience,Hyde,female,19,2,10,87.4,
Hadassah,Valenzuela,female,18,3,5,76.3,
Sylvester,Payne,male,17,5,20,100,
Penelope,Campos,female,18,1,9,73,
Camilla,Goff,female,18,4,8,70.2,
Hamish,Haley,male,18,1,9,71.1,
Wylie,Alexander,male,16,3,13,82,
Serena,Frazier,female,17,4,6,80.4,
Tasha,Park,female,14,5,5,73,
Gretchen,Haynes,female,19,4,4,77.2,
Ruth,Bowman,female,18,3,18,100,
Eric,Walter,male,18,4,15,93.2,
Steven,Sherman,male,18,1,2,60,
Janna,Moran,female,17,5,17,100,
Jonas,Bailey,male,16,5,14,85.6,
Steven,Hayes,male,15,4,14,88.7,
Pascale,Ingram,female,14,4,3,76.5,
Dominic,Gould,male,19,4,8,85.2,
Mason,Burke,male,14,4,10,84.3,
Ifeoma,Miles,female,16,5,10,83.3,
Amela,Randall,female,16,1,6,78.6,
Eve,Dillon,female,18,4,8,71.7,
Leilani,Marquez,female,16,4,12,89.9,
Yoshio,Cruz,male,17,1,13,76.5,
Jin,Parks,male,17,1,8,78.4,
Gay,Pope,female,18,3,11,88.9,
Solomon,Myers,male,19,3,9,81.6,
Amery,Pearson,male,17,1,14,83.3,
Hyacinth,Roberson,female,18,4,11,81.6,
Evan,Hester,male,17,2,9,76.5,
Merritt,Dominguez,male,15,3,10,74,
Rebekah,Schmidt,female,18,5,12,84.1,
Jesse,Boyle,male,18,1,9,73.8,
Aaron,Salas,male,19,4,10,86.7,
Noble,Walsh,male,19,4,10,79.1,
Beverly,Kinney,female,17,3,12,88.1,
Ferdinand,Garcia,male,18,2,11,89.5,
Regina,Sellers,female,18,4,14,84.8,
Quamar,Calhoun,male,15,2,18,97.4,
Erasmus,Huber,male,15,3,8,75.2,
Garth,Sims,male,14,1,10,76,
Edward,Guthrie,male,16,5,7,79.5,
Maryam,Walter,female,16,2,12,79.2,
Len,Curry,male,14,3,15,83.3,
Oscar,Sosa,male,14,3,15,88.9,
Ferdinand,Sanchez,male,18,3,17,95.6,
Aquila,Aguirre,male,16,1,5,71,
Lydia,Ruiz,female,18,1,13,87.3,
Camilla,Turner,female,16,5,10,79.3,
Walter,Decker,male,15,4,8,84.9,
Dakota,Salazar,female,14,2,15,85.3,
Stuart,Rasmussen,male,14,3,14,97.6,
Timothy,Pearson,male,19,4,12,86.7,
Allistair,Davenport,male,14,1,18,88,
Wing,Holcomb,male,16,4,10,80.6,
Casey,Ramirez,female,18,5,9,87.4,
Quintessa,Joyce,female,15,3,6,74,
Armando,Odom,male,18,4,5,75,
Chase,Wiley,male,14,1,13,90.8,
Malcolm,Nicholson,male,19,3,9,79.2,
Shellie,Bennett,female,14,4,11,87,
Uta,Perez,female,17,4,10,78.2,
Lynn,Petersen,female,16,2,15,84.5,
Teegan,Merrill,female,17,5,11,84,
Cade,Hogan,male,18,5,19,98,
Scott,Mueller,male,14,4,6,73.8,
Rafael,Cherry,male,19,2,12,91.5,
Carol,Graves,female,14,4,12,79.7,
Sawyer,Harding,male,17,5,9,71.3,
Erich,Stone,male,14,5,17,100,
Iliana,Marks,female,18,1,4,69.3,
Minerva,Skinner,female,14,5,7,80.2,
Anastasia,Goodwin,female,18,4,3,76.4,
Nell,Fitzgerald,female,17,5,6,83.1,
Rhiannon,Acevedo,female,15,3,10,72.7,
Demetria,Rush,female,17,3,15,98.6,
Dolan,Maxwell,male,18,5,7,82.5,
Tanek,Gallagher,male,17,3,11,74.4,
Cameron,Blackburn,female,16,1,16,87.8,
Lila,Wall,female,17,5,18,100,
Cleo,Workman,female,18,3,8,70,
Pandora,Lambert,female,16,1,11,87.3,
Quail,Lewis,female,15,4,8,69.1,
Abigail,Rodriguez,female,14,5,8,81.5,
Kellie,Sandoval,female,15,2,6,71.5,
Dorian,Patel,male,16,2,7,72.5,
Lester,Page,male,15,1,10,82.4,
Brody,Sharp,male,19,4,12,93.1,
Alea,Harmon,female,14,3,12,82.2,
Simon,Mclaughlin,male,15,2,8,74.7,
Oscar,Thomas,male,14,3,14,90.4,
Allen,York,male,15,3,10,80,
Octavius,Riley,male,15,3,16,84.4,
Griffith,Larsen,male,19,4,8,84.1,
Cullen,Britt,male,19,4,8,70.7,
Jerome,Cox,male,14,1,7,77.8,
Orson,Acosta,male,18,4,14,94.4,
Adam,Franklin,male,15,3,9,68.3,
Kathleen,David,female,15,3,11,89.1,
Josephine,Rivers,female,18,2,17,100,
India,Christensen,female,14,1,14,89,
Samuel,Cooke,male,17,1,15,98.2,
Len,Greer,male,15,3,9,84.3,
Shad,Arnold,male,17,2,10,84.4,
Kevyn,Cote,female,14,5,14,93.7,
Thor,Sanders,male,16,3,14,90.1,
Clark,Cervantes,male,19,2,6,76.3,
Yetta,Webb,female,19,1,11,87.5,
Alexandra,Guthrie,female,19,4,9,72.1,
Magee,Kim,male,17,1,14,76.8,
Ezra,Talley,male,18,1,18,88.2,
Solomon,Perez,male,15,5,9,81.6,
Zenia,Craft,female,17,4,13,86.9,
Cade,Maxwell,male,19,3,9,84.9,
Erica,Oconnor,female,17,5,11,86.4,
Constance,Little,female,17,1,6,71.8,
Jamal,Morton,male,16,4,19,100,
Felix,Potter,male,18,4,11,82.1,
Theodore,Estes,male,18,3,10,84,
Forrest,Reyes,male,16,3,15,83.3,
Cassidy,Navarro,female,19,5,11,75.7,
Violet,Conley,female,16,1,12,73.7,
Bo,Fletcher,female,18,2,4,77,
Malcolm,Peck,male,19,4,10,82.6,
Kato,Mercado,male,17,5,8,78.6,
Acton,Edwards,male,18,4,7,70.8,
Porter,White,male,17,2,13,77.9,
Lucy,Jennings,female,19,3,9,73.9,
Rama,Cameron,female,16,1,9,85.7,
Abbot,Daugherty,male,17,1,9,82.3,
Colette,Rojas,female,19,4,6,73.3,
Athena,Acevedo,female,15,4,12,90,
Ferris,Wade,male,18,2,7,70.4,
Tamara,Branch,female,16,4,17,92.3,
Rinah,Jacobson,female,19,1,7,80.8,
Tyler,Leon,male,18,4,15,94.2,
Fredericka,White,female,17,2,10,88.3,
Kevin,Smith,male,16,5,20,100,
Hayes,Wilkinson,male,19,5,3,76,
Kevin,Hewitt,male,18,4,13,96.1,
Ciara,Atkins,female,14,1,9,69,
Merrill,Vance,male,18,2,13,80.9,
Scott,Trujillo,male,17,5,13,90.3,
Noah,Mckay,male,19,5,8,74.8,
Nathan,Serrano,male,16,1,18,90.3,
Gwendolyn,Pratt,female,19,3,14,82.7,
Lavinia,Gaines,female,15,1,5,64.2,
Hedley,Patrick,male,19,0,14,94.5,
Abel,Stephens,male,18,4,2,68.2,
Addison,Barron,male,15,2,11,76,
Dora,Hewitt,female,19,2,3,65.4,
Riley,Morris,female,16,5,18,100,
Naida,Davidson,female,14,3,13,90.8,
Garth,Myers,male,15,3,15,90.6,
Philip,Burgess,male,17,1,13,77.4,
Alec,Whitfield,male,18,1,9,70.3,
Aretha,Whitley,female,15,1,10,82.2,
Lysandra,Noble,female,15,4,13,79.2,
Kirestin,Murphy,female,15,3,15,95.9,
Rebekah,Wiley,female,17,5,12,79.5,
Samson,Francis,male,19,1,12,81.9,
Mira,Branch,female,17,2,15,91.8,
Branden,Holcomb,male,15,4,11,84.4,
Kasper,Melendez,male,19,4,9,73.8,
Chester,Buck,male,18,3,7,79.3,
Amir,Ross,male,16,2,5,77.6,
Elijah,Hahn,male,18,4,11,84.6,
Adena,Griffin,female,17,5,12,80.2,
Sandra,Wilder,female,16,2,15,97.5,
Dennis,Garrett,male,15,3,9,76.3,
Brenden,Slater,male,16,1,14,89.7,
Cadman,Ballard,male,14,3,11,86.8,
Noel,Ellis,female,18,1,11,77,
Paula,Mcbride,female,17,5,6,69.2,
Coby,Gibson,male,16,5,13,79.2,
Cally,Pearson,female,17,1,11,88.2,
Slade,Mooney,male,18,2,3,68,
Beau,Olson,male,15,1,12,75,
Zane,Rodgers,male,14,3,14,83,
Zephr,Simmons,female,14,4,6,67,
Craig,Moses,male,19,4,19,100,
Tanek,Stephens,male,15,1,4,60.5,
Jaquelyn,Gutierrez,female,14,3,10,87.1,
Lucas,Buchanan,male,15,3,8,83.8,
Courtney,Preston,female,15,4,13,96.1,
Marny,Sandoval,female,17,2,8,76.4,
Zelda,Casey,female,14,2,10,89.2,
Steven,Turner,male,18,5,6,76.4,
Alma,Davis,female,16,3,7,72.8,
Cameran,Potts,female,16,1,13,82.4,
Caleb,Mcmahon,male,15,3,12,93.3,
Conan,Meadows,male,19,3,16,86.2,
Audrey,Pruitt,female,17,4,8,69.3,
Astra,Bean,female,18,5,7,68.2,
Dara,Giles,female,15,4,17,88.4,
Sharon,Hart,female,19,2,14,96.3,
Paul,Atkins,male,19,1,17,97.9,
Wendy,Armstrong,female,14,5,11,88.1,
Charles,Gray,male,14,3,7,79.1,
Chancellor,Puckett,male,19,2,12,91.1,
Carter,Cross,male,14,4,12,92.4,
Stephanie,Douglas,female,18,4,18,100,
Lesley,Valentine,female,19,2,13,94.8,
Mufutau,Beck,male,18,5,12,82.9,
Talon,Watkins,male,17,5,7,71.2,
Ignacia,Prince,female,17,2,11,86.1,
Seth,Cannon,male,16,1,19,100,
Flavia,Lane,female,15,4,12,77,
Kenyon,Acosta,male,16,1,16,93.1,
Inga,Ellison,female,19,5,13,93.9,
Lyle,Higgins,male,16,2,11,89.7,
Carson,Mack,male,16,5,19,94.9,
Ava,Pope,female,16,3,17,93,
Wang,Sellers,male,15,4,13,77.3,
Steven,Graham,male,19,4,17,95.1,
Lee,Barber,male,15,2,2,62.3,
Latifah,Higgins,female,17,4,9,78.6,
Gavin,Bryan,male,18,3,13,80.1,
Indira,Briggs,female,17,4,9,72.3,
Ori,Massey,female,16,3,11,89.5,
Mona,Gilliam,female,17,0,11,89.5,
Brett,Hopper,male,19,2,13,92.3,
Francesca,Ratliff,female,14,1,13,79.2,
Phyllis,Woods,female,17,4,7,71.9,
Dora,Scott,female,19,4,7,80.1,
Bo,Thompson,female,17,2,13,94.6,
Sonia,Mccall,female,16,5,17,100,
Petra,Burton,female,18,5,7,81.2,
Karina,Chase,female,15,2,11,88.9,
Brielle,Sharpe,female,17,4,16,95.9,
Tamekah,Skinner,female,17,4,11,85.4,
Kyra,Conley,female,14,1,6,70.8,
Nichole,Blake,female,14,3,6,70.4,
Joseph,Nielsen,male,17,1,16,89.2,
Cheryl,Henderson,female,15,3,14,88.9,
Eugenia,Barton,female,15,2,8,68.1,
Scarlet,Woods,female,17,2,7,76.5,
Daryl,Harper,female,16,1,10,88,
Ebony,Salinas,female,19,5,5,81.6,
Harper,Kelly,male,16,5,5,67.6,
Cadman,Cardenas,male,17,4,10,84.7,
Briar,Harper,female,16,4,15,87.9,
Martena,Hogan,female,15,3,10,82.2,
Elaine,Ramos,female,14,4,11,84.9,
Chantale,Bass,female,15,5,9,90.5,
Dexter,Bell,male,19,3,10,69.9,
Aurelia,Carson,female,19,4,12,81.3,
William,Evans,male,17,1,6,75.7,
Hiram,Valentine,male,18,3,17,93.1,
Lisandra,Haynes,female,16,5,18,97.4,
Rogan,Cole,male,19,4,9,83.4,
Wendy,Hawkins,female,15,4,4,69.5,
Rose,Lloyd,female,14,2,7,69.1,
Hedy,Michael,female,15,5,7,81.3,
Zahir,Ward,male,18,1,13,86,
Kato,Webster,male,17,4,10,72.6,
Vielka,Greer,female,15,2,12,74.5,
Russell,Mays,male,16,3,10,78.9,
Maggy,Benton,female,18,5,16,91.1,
Yvonne,Osborn,female,15,2,12,81.4,
Ashton,Ashley,male,15,1,8,75.8,
Preston,Hebert,male,16,5,13,89,
Clio,Perry,female,17,2,10,85.1,
Marshall,Sexton,male,18,1,3,62.6,
Lane,Keith,male,16,1,8,79.9,
Laura,Buckner,female,14,1,5,69.2,
Athena,Harvey,female,19,5,20,100,
Dorian,Cantu,male,18,3,8,83.7,
Ginger,Mcfadden,female,19,1,4,72.2,
Iona,Davis,female,19,3,11,80.3,
Arsenio,Frank,male,14,3,8,81.5,
Evelyn,Crawford,female,17,4,11,81.2,
Ainsley,Small,female,19,5,12,94.4,
Hamilton,Green,male,14,1,14,80.2,
Chanda,Roth,female,17,3,11,92,
Hayley,Aguirre,female,19,4,14,85.8,
Christen,Miles,female,16,3,6,78.5,
Dawn,Phelps,female,15,3,8,73.2,
Summer,Parker,female,15,2,18,99.1,
Melissa,Clay,female,17,5,13,93.9,
Claire,Schmidt,female,19,1,17,85.2,
Ursula,Pruitt,female,17,4,10,84.5,
Blaze,Chang,male,18,1,17,92.8,
Hiram,Warren,male,15,2,18,86.2,
Keegan,Rasmussen,male,19,4,3,43,
Wyatt,Pate,male,19,2,5,72.3,
Keegan,Flores,male,18,4,4,66.7,
Rudyard,Shields,male,18,3,8,85.7,
Daphne,Hess,female,15,5,9,85.1,
Imogene,Berger,female,19,4,10,81.3,
Ursula,York,female,16,2,13,86.7,
Fitzgerald,Barry,male,15,2,10,69.6,
Dai,Santiago,female,19,1,12,85.5,
Mari,Britt,female,15,5,8,81.8,
Sylvester,Boyd,male,19,5,6,78.4,
Benjamin,Trujillo,male,17,1,14,94.2,
Drew,Crosby,male,17,4,9,88.2,
Fleur,Pearson,female,14,3,10,84.8,
Darius,Lang,male,17,4,11,85.9,
Cedric,Harrell,male,18,3,8,72.7,
Lydia,Benjamin,female,19,1,14,86.4,
Keelie,Graham,female,18,5,6,74.5,
Maxwell,Pacheco,male,15,3,9,85.9,
Lysandra,Moore,female,18,4,15,91.7,
Iona,Jones,female,19,5,6,79.2,
Harriet,Paul,female,14,3,14,89.5,
Gretchen,Cruz,female,16,3,9,79.4,
Hunter,Tanner,male,17,4,18,89.9,
Lester,George,male,16,5,16,100,
Upton,Noble,male,16,4,14,84.4,
Ralph,Douglas,male,19,3,10,72.2,
Susan,Hahn,female,18,3,8,77.7,
Hanna,Mooney,female,19,2,10,88.8,
Xena,Finley,female,19,1,11,79.2,
Fulton,Roman,male,14,5,13,96.4,
Basil,Gilbert,male,14,4,10,78.1,
Cheyenne,Walsh,female,15,0,10,74.6,
Sawyer,Mathis,male,18,5,10,89.6,
William,Hatfield,male,16,5,13,89.2,
Anthony,Blake,male,14,5,14,96.6,
Laurel,Byers,female,15,2,11,77.3,
Irene,Vinson,female,15,3,8,79.4,
Thaddeus,Kirby,male,14,1,15,98.9,
Alfreda,Dillard,female,19,2,6,72.1,
Alec,Sheppard,male,16,4,13,88.3,
Hoyt,Bradford,male,19,4,4,75.8,
Dolan,Oneill,male,15,3,14,95.3,
Blaine,Kirkland,female,17,5,15,89.6,
Caryn,Cherry,female,15,3,14,80.8,
Tanisha,Contreras,female,14,5,5,75.1,
Burton,Bender,male,19,5,11,80.3,
Noah,Keith,male,14,2,9,81,
Madaline,Hyde,female,14,1,14,92,
Cassidy,Whitley,female,18,4,20,100,
Cathleen,Robles,female,14,3,12,78.3,
Desiree,Simon,female,14,2,11,79.2,
Bruno,Caldwell,male,16,1,16,99.9,
Laurel,Brennan,female,17,1,7,75.2,
Bethany,Mays,female,17,3,18,93.2,
Cora,Emerson,female,16,4,17,99.9,
Giacomo,Harvey,male,17,3,7,71.2,
Clare,Fitzpatrick,female,14,4,19,94.2,
Steven,Frank,male,18,2,10,85.7,
Brianna,Martinez,female,18,2,15,86.8,
Frances,Frost,female,17,1,16,83,
Amela,Kennedy,female,17,4,10,72.1,
Libby,Pickett,female,17,2,13,84.1,
Uma,Pugh,female,16,1,5,67.3,
Jacob,Lindsey,male,16,4,11,88.1,
Nyssa,Rhodes,female,17,4,5,64.9,
Tate,Moreno,male,16,1,16,87.6,
Laura,Jacobs,female,18,5,5,67.6,
Kareem,Walters,male,16,2,14,83.1,
Dexter,Horn,male,16,2,10,88.8,
Kibo,Howard,male,19,2,15,83.2,
Madaline,Mcmillan,female,14,4,8,82.5,
May,Duran,female,19,1,18,100,
Shad,Avila,male,19,2,18,86.5,
Rana,Luna,female,18,1,12,91.8,
Tobias,Delaney,male,17,3,10,76.2,
Erica,Barker,female,16,3,11,83,
Bruce,Noel,male,17,1,11,89.7,
Bo,Greene,female,18,2,4,75.3,
Lucius,Vang,male,15,3,10,80.6,
Lee,Gallagher,female,19,1,16,98.3,
Matthew,Greer,male,17,4,10,88.2,
Mari,Holt,female,16,2,11,76.1,
Plato,Holcomb,male,16,1,7,76.1,
Constance,Morrow,female,19,2,17,100,
Castor,Bryant,male,14,3,14,91.1,
Solomon,Hayden,male,16,1,13,83.3,
Calvin,Chapman,male,15,2,8,67.6,
Linda,Arnold,female,16,5,8,82,
May,Sandoval,female,16,4,7,79.5,
Tobias,Erickson,male,14,5,3,73.8,
Dexter,Stark,male,18,2,14,88.3,
Amos,Reed,male,17,1,13,95,
Nichole,Knox,female,16,3,14,84.3,
Amber,Morton,female,18,2,11,77.8,
Bruno,Noel,male,16,2,13,89.8,
Isaiah,Harrington,male,17,1,4,58.9,
Samuel,Spence,male,17,2,13,86.5,
Dominic,Martin,male,17,1,20,92.9,
Clark,Baker,male,16,5,18,100,
Destiny,Guerra,female,17,5,16,100,
Giacomo,Conley,male,17,3,18,92.1,
Hamish,Cherry,male,17,5,13,86,
Leigh,Short,female,18,5,11,80.1,
Kylan,Burgess,female,18,5,4,74,
Malcolm,White,male,16,2,5,62.6,
Dai,Powell,female,17,4,16,99,
Maisie,Barton,female,16,2,13,81.4,
Jillian,Reynolds,female,18,2,7,66.6,
Garth,Battle,male,16,4,12,81.1,
Charissa,Waters,female,15,4,9,86.2,
Morgan,Dejesus,female,14,2,12,85.2,
Tobias,Newton,male,18,2,13,87.1,
Phelan,Mathis,male,19,3,14,87.4,
Keaton,Heath,male,17,5,6,73.9,
Victoria,Rojas,female,18,2,9,80.4,
August,Bass,male,18,1,14,80.2,
Laurel,Bowman,female,19,5,10,91,
Cameron,Marks,female,18,3,6,76.5,
Nolan,Doyle,male,19,3,10,86.6,
Dolan,Guy,male,15,4,13,95.8,
Zenia,Rhodes,female,16,5,11,92,
Mia,Goodman,female,19,4,4,65.8,
Mona,Hull,female,16,3,10,73.6,
Hayley,Davis,female,17,3,15,96,
Alexandra,Bowen,female,18,4,15,98.2,
Ria,Cannon,female,14,5,16,100,
Tara,Gilliam,female,16,2,5,63.4,
Hadley,Faulkner,female,18,3,11,83.5,
Mohammad,Middleton,male,19,4,12,87.2,
Barrett,Randall,male,18,1,14,88.6,
Lester,Mendoza,male,18,1,7,62.7,
Myles,Farmer,male,19,2,19,100,
Katelyn,Galloway,female,17,1,13,82.1,
Vivien,Henderson,female,17,3,12,87.9,
Nina,Salazar,female,17,4,14,92.4,
Hillary,Joyner,female,15,3,10,75.2,
Samson,Spears,male,19,3,10,80.4,
Xerxes,Mooney,female,17,1,2,70.4,
Porter,Rowland,male,19,2,5,61.2,
Ann,Medina,female,15,4,17,92.3,
Bryar,Wiggins,female,17,4,6,73.3,
Thane,Yates,male,16,3,8,76.8,
Yoko,Hurley,female,15,4,12,84.2,
Perry,Hudson,male,18,3,10,71.8,
Adam,Gordon,male,14,2,5,70.1,
Clare,Clarke,female,19,3,8,74,
Evangeline,Haley,female,16,5,12,94.3,
Eric,Palmer,male,15,4,10,90.9,
Sloane,Gill,female,18,1,18,96.5,
Knox,Kane,male,15,4,18,100,
Simon,Carson,male,19,4,3,68.8,
Gareth,Heath,male,18,1,15,80.8,
Linda,Conner,female,16,3,12,86.3,
Arsenio,Mcleod,male,17,3,5,64,
Debra,Graham,female,19,5,8,74.7,
Andrew,Wooten,male,16,3,12,77.6,
Nasim,Stuart,male,17,1,11,72.4,
Tiger,Merritt,male,16,2,14,85.3,
Forrest,Valentine,male,18,1,6,65.9,
Reese,Mitchell,male,16,4,17,92.2,
Abraham,Kent,male,19,2,5,62.6,
Malcolm,Beach,male,18,4,14,99.2,
Herman,Landry,male,15,2,3,65.9,
Jayme,Cantu,female,16,3,6,65.1,
Duncan,Noel,male,16,5,9,84.1,
Quamar,Spears,male,16,4,7,74.2,
Mara,Hendrix,female,19,1,9,73,
Brian,Hale,male,14,5,17,97.8,
Nerea,Daugherty,female,15,2,15,90.1,
India,Foreman,female,19,4,10,80.1,
Tara,Copeland,female,16,2,15,84.2,
Guinevere,Barnett,female,17,1,20,92.2,
Alexander,Riley,male,15,3,10,82.8,
Logan,Kirby,male,16,1,6,73.1,
Ariana,Glass,female,19,5,11,90.8,
Rhea,Cantrell,female,19,4,12,81.3,
Quon,Brewer,female,14,3,9,79.2,
Sonya,Jordan,female,19,4,8,80.3,
Reece,Lott,male,17,3,11,76.1,
Slade,Lucas,male,18,1,14,89.5,
Kelly,Kent,female,15,1,15,92.4,
Hayes,Ware,male,16,1,17,84.9,
Kieran,Martinez,male,14,3,4,60.8,
Laura,Park,female,16,5,8,78.4,
Chancellor,Graves,male,18,1,9,83.4,
Brett,Wilder,male,17,4,7,71.4,
Abra,Neal,female,16,1,14,80.1,
John,Olsen,male,15,3,11,77.4,
Madonna,Barrera,female,16,3,16,85.2,
Cedric,Horton,male,16,2,15,91.8,
Rudyard,Banks,male,19,2,9,75.4,
Gabriel,Chapman,male,16,1,9,86.3,
Tanek,Mooney,male,15,4,12,79.8,
Dane,Carter,male,16,2,18,94.9,
Whoopi,Lane,female,17,4,11,89.7,
Karen,Mejia,female,17,4,17,88.7,
Addison,Horne,male,16,2,10,81.8,
Eliana,Todd,female,14,5,5,74.8,
Evan,Shelton,male,17,4,13,91.1,
Jaquelyn,Rodriguez,female,14,4,7,66.8,
Doris,Cross,female,17,2,8,82.5,
Acton,Conley,male,19,5,12,79.5,
Nyssa,Vincent,female,14,2,6,73.1,
Phillip,Cunningham,male,18,4,3,74.6,
Edan,Rush,male,18,4,9,74.1,
Hanna,Guzman,female,19,3,15,91.3,
Shad,Reilly,male,16,3,16,86.7,
Rahim,Tucker,male,14,4,8,76.2,
Kitra,Michael,female,16,5,16,92.3,
Illana,Mcmahon,female,18,4,10,77.5,
Linda,Underwood,female,15,5,8,83.7,
Illiana,Donaldson,female,17,5,19,93.6,
Rogan,Orr,male,19,2,12,89.2,
Tucker,Blair,male,18,1,10,74.7,
Brock,Knight,male,18,5,11,83.4,
Lane,Villarreal,male,18,1,8,76,
Ila,Pratt,female,19,2,7,79.5,
Aristotle,Lang,male,15,3,13,77.3,
Todd,Erickson,male,15,5,6,69.8,
Blythe,Snyder,female,16,4,18,100,
Lunea,Vazquez,female,14,5,6,74.8,
Azalia,Ward,female,14,4,12,91.2,
Yael,Hardin,female,15,1,19,91.4,
Karen,Colon,female,15,2,10,83.5,
Valentine,Morton,male,14,4,15,89.7,
Brock,Espinoza,male,17,3,15,82.9,
Ray,Coffey,male,14,3,16,89.4,
Ray,Holloway,male,15,3,12,91.8,
Hayfa,Richmond,female,19,5,15,91.6,
Orlando,Stanley,male,15,3,9,86.1,
Jaden,Hogan,female,14,5,14,94.8,
Jordan,Foster,female,18,3,8,86.9,
Amber,Greene,female,16,4,5,78,
Xanthus,Franks,male,18,3,8,72.2,
Selma,Stout,female,19,2,3,59.4,
Fleur,Snider,female,18,3,18,97.3,
Carl,Nelson,male,14,1,15,95.2,
Keegan,Richardson,male,18,1,3,66.2,
Rudyard,Parsons,male,17,1,10,82.7,
Lance,Doyle,male,18,2,9,70.6,
Arthur,Nieves,male,14,3,0,76.8,
Isaiah,Hendricks,male,17,3,7,69.9,
Justine,Nolan,female,16,5,5,72.8,
Levi,Atkins,male,16,4,8,72.8,
Jakeem,Lynch,male,14,4,5,78.8,
Olivia,Craig,female,14,4,3,60.6,
Dylan,Delaney,male,14,4,5,64.3,
Emerson,Sparks,male,14,3,10,76.1,
Echo,Bird,female,14,2,6,76.5,
Devin,Rodriguez,male,19,1,14,83.4,
Georgia,Castaneda,female,14,3,10,78.4,
Darryl,Baird,female,14,2,7,64.3,
Leo,Roach,male,19,1,13,75.8,
Magee,Berger,male,14,0,13,91.1,
Clare,Wyatt,female,16,5,10,74.1,
Chaney,Edwards,male,14,2,9,75.8,
Kyla,Garner,female,18,2,4,70.9,
Leroy,Morrow,male,19,2,9,71.2,
Marshall,Erickson,male,18,3,11,77.8,
Logan,Mccarty,male,17,2,9,81.7,
Hamish,Parker,male,16,5,6,65.9,
Illiana,Kirby,female,19,5,12,84.8,
Brenda,Gates,female,16,2,7,73,
Elmo,Roy,male,18,1,10,78.4,
Willa,Byers,female,14,2,4,59.2,
Naida,Carrillo,female,18,2,5,75.9,
Sydney,Blackburn,female,15,3,8,75.7,
Brandon,Myers,male,19,2,12,78.6,
Malik,Pratt,male,19,1,14,87.5,
Dai,Richardson,female,16,2,15,84.5,
Thane,Collins,male,19,1,6,76.9,
Clark,Maynard,male,16,1,7,66.9,
Bevis,Gray,male,15,1,16,94.8,
Pascale,Browning,female,16,4,9,89.2,
Zorita,Ashley,female,19,1,13,80.4,
Jerry,Short,male,17,5,6,78.2,
Hyatt,Mcintosh,male,19,3,11,82.3,
Perry,Hopper,male,16,2,15,81.8,
Lance,Rush,male,17,4,15,98.5,
Declan,Macias,male,14,2,14,83.2,
Geraldine,Brooks,female,19,1,10,79,
Adara,Fernandez,female,15,5,13,98.5,
Whoopi,Hunter,female,15,4,14,94.8,
Lara,Newton,female,17,4,12,86,
Rigel,Johnson,male,17,4,8,82.1,
Raja,Sims,male,18,5,17,89.7,
Kiona,Hernandez,female,14,2,9,84.3,
Jade,Cline,female,15,4,8,75.1,
Tana,Sloan,female,19,5,11,92.1,
Luke,Hayes,male,18,2,10,88,
Regan,Mcintosh,female,17,3,15,97.2,
Mufutau,Valentine,male,14,2,11,75.3,
Justina,Mcgowan,female,15,1,8,73.6,
Ruby,Sutton,female,14,5,9,79.4,
Tucker,Coleman,male,16,4,17,95.6,
Kylan,Rosa,female,17,5,12,84,
Valentine,Cummings,male,14,5,19,100,
Cheyenne,Vincent,female,18,5,11,81.8,
Cleo,Romero,female,16,2,17,93.9,
Tarik,Winters,male,15,5,13,92.5,
Sylvester,Newton,male,14,3,11,81,
Samuel,Green,male,15,5,11,85.6,
Gary,Bradford,male,17,4,9,73.9,
Whoopi,Strickland,female,16,4,9,80.2,
Melyssa,Garner,female,17,1,6,71.3,
Barclay,Nichols,male,19,0,2,66.3,
Georgia,Fuentes,female,16,4,8,75.3,
Dara,Fleming,female,18,2,15,99.6,
Lacy,Arnold,female,19,4,6,82.2,
Cameron,David,male,14,2,10,84.5,
Caldwell,Russell,male,16,3,12,91.2,
Oliver,Oconnor,male,17,4,12,91.1,
Samuel,Beasley,male,19,1,15,90.6,
Shana,Conner,female,16,2,12,81.5,
Dexter,Kramer,male,17,4,16,97.7,
Griffith,Swanson,male,19,4,4,78.5,
Chava,Barlow,female,17,3,15,91.6,
Oprah,Walker,female,19,2,6,69.7,
Brian,Hawkins,male,15,5,8,69.7,
Shannon,Whitley,female,19,1,10,78.1,
Martin,Macdonald,male,17,2,7,76.7,
Kaitlin,Chen,female,18,3,12,79.5,
Linus,Downs,male,18,4,7,73.4,
Yoko,Castro,female,16,3,10,83.1,
Gregory,Evans,male,14,1,13,88,
Erica,Bond,female,15,3,16,100,
Uriah,Jordan,male,14,2,10,74.4,
Flynn,Haynes,male,17,2,11,81.6,
Cecilia,Santiago,female,16,4,7,68.2,
Devin,Roberson,male,14,4,15,99.7,
Astra,Leonard,female,16,4,5,69.5,
Cairo,Cardenas,male,14,4,13,85.9,
Riley,Valdez,female,16,2,12,79,
Nero,Witt,male,14,3,13,95.5,
Hyatt,Albert,male,19,4,15,87.8,
Arthur,Guerra,male,16,1,10,81.1,
Odette,Jacobson,female,18,3,14,88.3,
Ivory,Chapman,female,16,3,8,75.4,
Leonard,Gates,male,18,5,16,89.7,
Veda,Briggs,female,15,5,8,88.5,
Lenore,Freeman,female,18,3,3,76.4,
Ori,Gross,female,14,2,7,77.2,
Odette,Leonard,female,17,1,17,96.2,
Darryl,Lawrence,female,18,5,13,94,
Kessie,Mcdonald,female,17,1,2,62.2,
Kylie,Rivers,female,14,5,13,88.2,
Fulton,Mullen,male,15,4,9,72,
Gretchen,Reynolds,female,14,3,15,99.4,
Noah,Chan,male,19,3,6,74.9,
Magee,Sears,male,15,4,15,100,
Caldwell,Case,male,15,3,9,71.9,
Ciaran,Middleton,male,17,1,5,73.3,
Chase,Blackwell,male,17,3,17,95,
Abraham,Snider,male,16,1,4,73.3,
Timothy,Richardson,male,15,3,14,89.1,
Ignacia,Berger,female,15,3,17,100,
Octavia,Wilcox,female,18,3,11,78.4,
Quinn,Gallagher,male,14,5,18,100,
Christian,Herrera,male,15,4,12,89.4,
Jacob,Ewing,male,15,4,7,74.3,
Ulla,Brennan,female,17,3,11,83.9,
Zelenia,Vasquez,female,18,5,14,97.1,
Geraldine,Bass,female,14,5,9,84.5,
Morgan,Rutledge,female,15,3,13,92.3,
Morgan,Moreno,female,17,4,5,73,
Vladimir,Casey,male,15,2,12,83.5,
Michael,Wynn,male,17,5,11,80,
Olympia,Long,female,15,3,10,84.2,
Richard,Ross,male,17,4,11,85.9,
Petra,Riley,female,18,4,4,63.3,
Kirestin,Sloan,female,18,1,13,88.1,
Adam,Holloway,male,14,2,9,82.7,
Moana,Carter,female,14,5,7,72.3,
Vielka,Crosby,female,17,4,18,98,
Indigo,Wiggins,female,16,2,15,93.1,
Autumn,Macdonald,female,15,4,10,78.1,
Jamal,Snow,male,19,1,12,86.9,
Kimberley,Key,female,19,4,11,93,
Ashton,Dotson,male,14,1,9,74,
Uma,Branch,female,14,1,12,78.5,
Haley,Duke,female,18,2,18,97.7,
Regan,Hatfield,female,14,4,12,81.1,
Gannon,Coffey,male,15,5,14,99.6,
Gray,Jensen,male,18,5,20,100,
Inez,Slater,female,15,3,16,93,
Chester,Boone,male,15,2,6,64.2,
Jin,Valdez,male,19,2,2,77,
Brooke,Trujillo,female,16,3,12,79,
Keefe,Banks,male,17,5,7,77.7,
Harrison,Knight,male,19,5,15,95.8,
Ferris,Mullins,male,16,2,7,78.4,
Olympia,Huffman,female,15,2,13,89.4,
Jane,Oneal,female,16,5,9,82.4,
Colin,Fisher,male,15,3,10,71.7,
Calvin,Ballard,male,19,5,11,82.5,
Kermit,Richard,male,19,5,12,89,
Dolan,Hyde,male,17,1,17,100,
Kendall,Mccullough,female,15,4,16,99.5,
Isadora,Ward,female,14,3,15,95.2,
Kathleen,Salazar,female,15,1,14,79.5,
Amanda,Garner,female,14,2,11,75.7,
Quinn,Dorsey,female,15,3,9,78.7,
Howard,Santiago,male,15,4,15,100,
Merrill,Rojas,male,15,1,7,68.1,
Mollie,Sweet,female,14,4,16,91.3,
Allistair,Pittman,male,17,2,13,77.1,
Claire,Francis,female,18,4,4,67.1,
Ulla,Russell,female,18,1,15,84.7,
Ocean,Carver,female,18,1,11,79.3,
Anthony,Whitney,male,19,1,11,74.2,
Mason,Mcgowan,male,17,1,17,100,
Cooper,Harrell,male,18,4,17,95.6,
Pandora,Ewing,female,19,2,12,88.4,
George,Fischer,male,19,1,6,75,
Kermit,Higgins,male,18,2,6,68.6,
Harlan,Cox,male,18,3,14,85.1,
Mariko,Le,female,18,2,15,91.1,
Rafael,Randall,male,16,2,11,71.2,
Xavier,Jensen,male,18,2,8,79.4,
Dorothy,Norman,female,15,5,7,77.7,
Camden,Lamb,male,17,5,11,88.1,
Gil,Duran,male,16,1,13,83.8,
Ryan,Swanson,male,17,5,11,88.1,
Mikayla,Jarvis,female,16,2,7,67.3,
Beatrice,Matthews,female,14,1,4,61.1,
Halla,Vang,female,16,3,17,100,
Ingrid,Kennedy,female,19,5,7,72.1,
Celeste,Mann,female,19,2,11,88.6,
Shelly,Sutton,female,16,2,12,74.8,
Susan,Harvey,female,19,5,9,76.4,
Aurelia,Frederick,female,15,3,9,72.2,
Ivy,Justice,female,14,2,13,83.1,
Wesley,Douglas,male,16,1,14,86.6,
Armand,Pacheco,male,16,4,17,95.5,
Hamish,Simon,male,18,4,3,71.2,
Sloane,Kent,female,16,1,7,76.4,
Denise,Keith,female,17,5,4,71.7,
Maxwell,Rhodes,male,18,3,11,77.9,
Elmo,Stuart,male,14,5,10,74.8,
Isabelle,Neal,female,19,3,6,67.9,
Cassidy,Owen,female,16,5,13,98.5,
Addison,Willis,male,14,5,13,91.1,
Clayton,Cervantes,male,16,5,11,84.1,
Dillon,Fowler,male,16,2,8,80.6,
Garth,Gilliam,male,18,5,13,80.3,
Vanna,Reyes,female,19,3,11,77.3,
Octavia,Wolfe,female,16,5,12,81,
Melvin,Burt,male,14,3,16,95.9,
Harriet,Long,female,17,3,17,100,
Kendall,Keith,female,18,1,18,87.2,
Yoshio,Wyatt,male,15,5,14,94.7,
Gregory,Myers,male,15,1,12,77.5,
Wylie,Clemons,male,15,5,9,88.2,
Shaine,Mcleod,female,16,2,18,100,
Sonya,Hooper,female,17,1,9,85.1,
Lacy,Rowe,female,16,2,12,76.5,
Amanda,Tillman,female,18,2,6,78.6,
Perry,Wright,male,19,1,10,86,
Melanie,Wilson,female,15,4,13,81.5,
Lev,Mcneil,male,18,5,7,77.2,
Vladimir,Cochran,male,18,1,11,83,
Blossom,Henry,female,18,3,5,72.7,
Neville,Duffy,male,15,4,15,90.8,
Acton,Bright,male,14,2,8,67,
Mariko,Matthews,female,17,5,6,77,
Rafael,Villarreal,male,17,1,11,75.3,
Levi,Acevedo,male,14,2,6,63,
Declan,Warner,male,14,4,12,89.7,
Raven,Sampson,female,19,3,16,86.1,
Barbara,Ratliff,female,19,5,8,88.7,
Sierra,Farrell,female,19,3,7,65.7,
Teegan,Duke,female,18,1,12,81.5,
Dolan,Hubbard,male,19,2,16,84.1,
Idola,Jacobson,female,17,5,7,70,
Zorita,Benson,female,19,3,12,85,
Beck,Mcconnell,male,15,2,10,80.1,
Gillian,Norris,female,19,5,2,63.4,
Iona,Franks,female,17,3,12,77.5,
Zachery,Flowers,male,19,5,7,72.2,
Kiona,Freeman,female,19,2,11,85.8,
Scott,Atkinson,male,15,4,10,89.2,
Vivian,Jimenez,female,17,1,11,86.5,
Jermaine,Cortez,male,17,2,15,99.1,
Graiden,Cantu,male,14,2,7,66.6,
Keegan,Harvey,male,19,4,14,86.3,
Cedric,Acevedo,male,19,5,14,98.8,
Mechelle,Velazquez,female,19,1,5,72,
Jackson,Brooks,male,19,3,11,82.4,
Linus,Kaufman,male,17,2,17,91.3,
Zenaida,Ross,female,18,3,10,87.4,
Larissa,Goff,female,17,2,10,79.7,
Lilah,Cooley,female,18,3,13,93.5,
Chastity,Mcbride,female,17,5,15,83.6,
Dustin,Barry,male,18,3,14,90.6,
Juliet,Golden,female,16,4,14,85.5,
Daphne,Mckinney,female,15,2,12,89.7,
Orli,Stein,female,18,1,4,68,
Gisela,Sharp,female,14,3,10,89.1,
Macey,Conley,female,14,2,16,94.7,
Jeremy,Shepard,male,14,5,15,92.3,
Duncan,Fisher,male,15,2,13,91.8,
Tamara,Wright,female,17,5,8,74.2,
Hannah,Cline,female,17,4,12,79.8,
Alan,Mayer,male,19,5,12,76.4,
Calvin,Dudley,male,15,5,5,77.6,
Merritt,Dean,male,19,2,9,68.4,
Lysandra,Buckner,female,18,3,14,81.3,
Ora,Kinney,female,19,5,5,75.4,
September,Norris,female,15,1,20,100,
Damian,Kaufman,male,16,1,9,71.3,
Mercedes,Delaney,female,15,3,8,82.4,
Mara,Irwin,female,17,3,11,85,
Tucker,Kidd,male,16,5,11,83.9,
Dominic,Banks,male,15,3,4,75.5,
Karen,Melton,female,18,1,6,77.4,
Fletcher,Conley,male,17,1,9,71.6,
Valentine,Manning,male,14,3,18,89.1,
Larissa,Head,female,17,4,8,82.7,
Sacha,Travis,female,18,1,8,78.5,
Oliver,Harvey,male,19,4,11,86.4,
Leonard,Juarez,male,19,1,11,79.7,
Jenna,Wagner,female,16,1,3,56.3,
Emily,Leblanc,female,16,4,16,89.4,
Marny,Whitaker,female,19,5,12,86.8,
Hanae,Jones,female,17,5,6,83.7,
Sharon,Burks,female,15,4,16,87.8,
Erin,Grimes,female,16,3,14,98.5,
Joel,Campos,male,17,2,18,93,
Emmanuel,King,male,18,3,10,86.1,
Damon,Carlson,male,19,1,16,88.5,
Erasmus,Hopper,male,15,4,8,73.4,
Sierra,Chandler,female,15,3,13,95.8,
Kennan,Sheppard,male,16,3,6,80.6,
Timothy,Oconnor,male,15,0,15,96.7,
Ferris,Avila,male,18,5,1,74.2,
Owen,Barber,male,15,5,13,81.8,
Buffy,Giles,female,14,4,11,79.9,
Malachi,Hudson,male,17,5,11,88.3,
David,Mayo,male,18,1,6,76.8,
Jermaine,Sims,male,16,2,3,60.5,
Lisandra,Boyer,female,16,5,9,80.9,
Colin,Banks,male,14,2,5,63.8,
Zane,Kane,male,14,3,7,70.3,
Aiko,Alford,female,16,1,11,83.1,
Akeem,Walsh,male,17,3,12,89.9,
Jaden,Ashley,female,18,2,11,88.2,
Brody,Duncan,male,15,4,9,76.4,
Velma,Taylor,female,14,2,10,74.9,
Wayne,Sellers,male,14,4,13,88.8,
Levi,Dotson,male,14,2,11,72,
Jack,Norman,male,18,3,12,92,
Carter,Turner,male,14,2,13,84.2,
Randall,Walker,male,16,4,13,87.8,
Kaitlin,Sears,female,19,2,9,74.3,
Zachary,Ochoa,male,19,1,10,80.6,
Ahmed,Olson,male,17,2,10,80,
Lunea,Garza,female,17,1,12,87.5,
Roanna,Oconnor,female,19,3,15,81.6,
Laurel,King,female,17,5,5,72.1,
Audrey,Barry,female,19,2,13,88.3,
Grant,Ruiz,male,14,5,14,95.5,
Idona,Morrison,female,16,1,17,90.2,
Harlan,Collier,male,17,3,14,96.5,
Indira,Nichols,female,17,4,10,80.3,
Ali,Raymond,male,18,1,6,72.7,
Hedy,Atkinson,female,19,2,13,79.2,
Isadora,Whitehead,female,14,1,7,75,
Noah,Burke,male,17,5,18,91.2,
Nathaniel,Meyer,male,14,1,6,71.8,
Chaney,Burks,male,17,2,12,87.9,
Angela,Macias,female,15,1,5,66,
Shea,Cervantes,female,19,1,16,92.9,
Asher,Guerrero,male,14,4,15,100,
Kirsten,Lloyd,female,14,2,14,78,
Mason,Shaw,male,18,1,9,74.1,
Leonard,Salazar,male,16,5,8,69.9,
Riley,Cannon,female,15,4,7,70.8,
Shoshana,Collier,female,16,5,9,82.5,
Megan,Anderson,female,17,4,8,74.2,
Velma,Hardin,female,18,4,11,85.3,
Taylor,Butler,female,14,1,13,94.1,
Harding,Beck,male,14,3,5,66.2,
Brenna,Lester,female,16,3,6,71.4,
Lucas,Booth,male,19,5,16,87.8,
Vladimir,Brown,male,14,3,9,71.8,
Casey,Dotson,female,15,4,9,80.4,
Quon,Porter,female,16,4,5,69.2,
Baxter,Kirkland,male,15,2,8,76.4,
Tiger,Ochoa,male,19,4,15,98.2,
Maia,Norman,female,15,3,14,87.3,
Maia,Brennan,female,18,3,12,78.4,
Malachi,Reid,male,15,5,11,78.9,
Clementine,Rogers,female,14,5,9,90.3,
Zephr,Orr,female,19,5,13,97.3,
Gay,Ballard,female,18,5,11,88.7,
Leila,Riddle,female,19,5,9,72.9,
David,Rowland,male,16,3,14,91.3,
Travis,Shields,male,19,4,10,86.1,
Kevin,Buckley,male,17,2,9,74.1,
Bryar,Watson,female,14,1,11,80.8,
Linda,Moreno,female,15,3,3,61.7,
Akeem,Tucker,male,15,2,9,85.1,
Leandra,Schwartz,female,14,3,4,67.1,
Flavia,Hurley,female,17,5,5,71.1,
Allegra,Davidson,female,14,5,11,80.9,
Geoffrey,Wolf,male,17,4,13,82.5,
Wyoming,Sharpe,female,18,5,16,87,
Ulric,Martinez,male,17,1,12,81.9,
Adara,Barlow,female,15,5,6,68.2,
MacKenzie,Sawyer,female,18,4,9,77.4,
Brenden,Simmons,male,18,2,11,82.2,
Lewis,Buck,male,19,5,11,86.6,
Renee,Hester,female,18,2,6,68.4,
Burke,Bennett,male,17,1,3,65.8,
Kirby,Vance,female,17,1,15,97.3,
Katelyn,Pace,female,16,4,11,77,
Jaime,Mason,female,19,5,5,77.9,
Dillon,Kane,male,19,2,4,60.3,
Harper,Bryan,male,19,5,10,85.6,
Alden,Dickson,male,17,4,13,80.5,
Jane,Stark,female,14,3,14,95,
Gray,Page,male,15,3,11,76,
Colt,Mendez,male,15,4,12,94.1,
Matthew,Washington,male,17,2,13,85.7,
Abra,Tyler,female,15,2,9,71.7,
Xander,Meadows,male,19,1,7,68.6,
Brody,Sears,male,17,3,19,93.8,
Phillip,Sloan,male,17,1,12,87.9,
Barbara,Chang,female,17,5,12,93.7,
Petra,Bryan,female,15,4,12,92.5,
Blaze,Meyer,male,19,1,12,85.7,
Dylan,Rivers,male,16,5,9,90,
Clio,Glover,female,15,4,16,100,
Wynne,Miranda,female,16,5,17,95.1,
Shelly,Jenkins,female,14,5,8,74,
Macon,Koch,male,15,1,11,88.2,
Rae,Donaldson,female,18,4,16,89.8,
Isaiah,Montgomery,male,16,3,12,82.3,
Garrett,Everett,male,17,2,0,78.1,
Carson,Delacruz,male,15,3,16,96.4,
Warren,Garcia,male,16,2,12,82.3,
Yolanda,Watson,female,15,2,4,71.1,
Callum,Walls,male,16,4,10,76.9,
Lydia,Lindsay,female,15,5,15,83,
Galena,Sherman,female,18,5,16,92.1,
Marshall,Arnold,male,17,5,11,78.8,
Sasha,Fernandez,female,14,1,10,73.9,
Tanner,Velasquez,male,18,5,18,97.9,
Gisela,Pollard,female,17,5,16,92.8,
Howard,Shaffer,male,18,3,14,97.1,
Kenneth,Curry,male,17,5,9,86.1,
Halee,Garner,female,16,2,15,93.8,
Avye,Mccray,female,17,3,8,84.4,
Tanisha,Dennis,female,16,3,11,75.3,
Dora,Dalton,female,14,5,10,89.9,
Freya,Sykes,female,19,4,18,89.4,
Cassady,Ruiz,female,16,2,18,100,
Cullen,Strong,male,16,4,16,84.3,
Kim,Pugh,female,18,2,15,90.2,
Warren,Lambert,male,16,3,8,79.5,
Alan,Langley,male,16,1,18,87.3,
Blossom,Gonzalez,female,17,4,18,100,
Velma,Moreno,female,17,2,9,76.4,
Kaitlin,Ferguson,female,19,5,14,86.4,
Griffin,Burch,male,17,0,11,83,
Constance,Mcmahon,female,16,3,10,75.3,
Colorado,Cash,male,16,5,18,100,
Nolan,Small,male,14,3,2,71.5,
Hadassah,Grimes,female,15,2,12,79.2,
Fitzgerald,Rowland,male,18,5,9,80.4,
Madeline,Mcconnell,female,18,2,11,80.3,
Nicholas,Garrison,male,17,2,12,85.2,
Marvin,Jackson,male,18,1,9,72.8,
Keiko,Simon,female,17,1,9,69.5,
Gray,Harrison,male,17,2,9,71.2,
Odessa,Shaffer,female,16,1,5,76.7,
Igor,Conway,male,17,1,17,100,
Denise,Sloan,female,18,4,20,100,
Rhona,Raymond,female,19,5,13,90.3,
Desiree,Webb,female,19,2,18,98.1,
Xavier,Moran,male,14,2,6,66,
Ivor,Clark,male,14,1,7,68.9,
Elvis,Allen,male,15,3,12,82.5,
Lester,Mcconnell,male,17,1,10,83.9,
Rashad,Sims,male,17,3,15,84.5,
Rhoda,Hill,female,17,4,7,72.8,
Honorato,Gutierrez,male,16,5,17,100,
Anjolie,King,female,15,5,13,80.8,
Alvin,Randall,male,18,5,9,83.7,
Garrison,Durham,male,16,3,11,87.2,
Hunter,Roach,male,17,3,14,95.2,
Shafira,Bean,female,17,5,10,85.5,
Avram,Huber,male,18,3,20,100,
Macey,Duran,female,19,5,14,84,
Penelope,Bernard,female,17,4,14,83.1,
Kane,Clay,male,18,4,8,70.6,
Alvin,Hodges,male,14,5,11,91.5,
Tanner,Head,male,14,1,14,80.7,
Kelsie,Solomon,female,18,4,10,83.7,
Cheyenne,Prince,female,15,2,4,61.3,
Hermione,Snyder,female,18,5,12,79.9,
Hanae,Cortez,female,18,2,12,83.1,
Vladimir,Rose,male,19,5,13,84.1,
Plato,Moran,male,17,2,10,71.8,
Ariana,Mcclure,female,15,1,11,78.1,
Nevada,Mcdonald,female,19,2,11,81.3,
Carter,Greer,male,16,3,6,71.4,
Clayton,Yates,male,16,5,14,100,
Gabriel,Goff,male,19,5,13,94.4,
Aurora,Nash,female,18,2,13,81,
Pandora,Petty,female,14,4,10,90.3,
Jocelyn,Byers,female,15,4,15,86.9,
Amos,Norton,male,17,2,5,69.3,
May,Rivera,female,19,2,10,77.3,
Cara,Simmons,female,18,2,7,81.3,
Dolan,Boyd,male,17,3,11,86,
Felix,Avila,male,16,5,11,89.7,
Abbot,Kramer,male,16,2,8,81,
Flavia,Hester,female,14,1,16,82.5,
Inez,Webb,female,17,2,4,60.9,
Nigel,Snyder,male,17,1,11,77.3,
Ross,Hopkins,male,14,5,7,71.1,
Virginia,Witt,female,15,4,11,92,
Gloria,Pate,female,16,3,9,88.4,
Lyle,Salas,male,16,5,13,81.9,
Oscar,Walters,male,19,3,9,79.2,
Chandler,Buckner,male,17,3,8,81.9,
Karen,Moss,female,16,3,7,71.8,
Demetria,Hensley,female,17,3,11,77.2,
Karly,Watts,female,19,2,11,89.3,
Lucius,Pugh,male,14,4,13,93.1,
Shafira,Rodriquez,female,15,4,17,98.1,
Sonia,Rhodes,female,19,3,11,83.1,
Rhona,Huffman,female,17,3,8,78.7,
Timothy,Bender,male,14,1,6,64,
Colin,Aguilar,male,14,5,15,86,
Katelyn,Santana,female,18,3,14,82.6,
Jorden,Byers,female,19,2,12,87.6,
Josiah,Lucas,male,16,5,8,83.6,
Yuri,Joyner,female,14,1,3,60.8,
Carolyn,Rhodes,female,17,3,6,72.5,
Raja,Owen,male,14,2,18,98.6,
Brenden,Prince,male,14,2,9,72.8,
Hector,Melton,male,18,4,12,88.2,
Wang,Stewart,male,16,3,13,79.1,
Nita,Castillo,female,19,5,10,92.1,
Gay,Carlson,female,18,2,20,100,
Kelsie,Obrien,female,19,2,6,73.8,
Lysandra,Mendez,female,16,1,12,92.2,
Brynn,Owen,female,19,2,7,75,
Harrison,Beasley,male,19,4,10,91.5,
Carol,Dillard,female,18,5,17,100,
Leonard,Lynn,male,16,1,19,95.6,
Hyatt,Erickson,male,18,4,13,89.1,
Kirk,Holmes,male,19,3,6,77,
Lee,Hooper,male,18,4,15,99.7,
Adam,Hines,male,19,3,10,88.2,
Henry,Stafford,male,14,3,11,75.7,
Hop,Sanford,male,15,5,4,68.3,
Dolan,Ball,male,15,4,9,76.9,
Naomi,Strong,female,15,2,20,100,
Marcia,Perez,female,18,3,10,79.4,
Xenos,Workman,male,14,1,10,85.5,
Oscar,Mason,male,18,4,15,90.3,
Miriam,Poole,female,15,2,17,95,
Chiquita,Monroe,female,14,3,7,74.6,
Chadwick,Harrell,male,17,1,12,90.3,
Warren,Warner,male,19,1,5,62.6,
Griffin,French,male,19,2,11,73.2,
Keegan,Savage,male,18,3,10,70.7,
Skyler,Olson,female,19,3,7,66.3,
Maggy,Kim,female,17,1,11,85.1,
Leandra,Ortiz,female,15,1,15,89.5,
Unity,Waters,female,17,2,12,91.6,
Mufutau,Sanchez,male,19,3,7,66,
Jaden,Hayden,female,18,2,5,61.2,
Raya,Kane,female,18,4,6,83.1,
Montana,Bell,female,17,4,11,88.9,
Astra,Rodgers,female,15,4,6,75.3,
Chandler,Wooten,male,15,2,13,87.5,
Galena,Hale,female,16,5,3,72.1,
Darrel,Wood,female,19,1,14,91.5,
Ali,Hartman,male,14,1,7,76.9,
Colorado,Sullivan,male,19,1,10,76.2,
Gannon,Joseph,male,16,2,12,93.3,
Omar,Pittman,male,14,5,2,66.6,
Hoyt,Tanner,male,14,1,15,90.2,
Cameron,Bridges,female,18,4,7,79.3,
Uta,Cohen,female,16,5,7,83.9,
Gavin,Sloan,male,16,2,16,87.9,
Kay,Wright,female,14,3,15,83.5,
Joan,Kramer,female,17,2,13,89.8,
Mercedes,Wood,female,15,4,10,79,
Brynn,Vasquez,female,15,2,11,87.5,
Justina,Berger,female,18,4,11,90.2,
Camden,Petty,male,19,1,16,88.2,
Angela,Mcdaniel,female,18,1,8,73.3,
Leandra,Acevedo,female,14,1,15,94.4,
William,Mosley,male,14,1,4,64.2,
Odette,Acosta,female,15,2,6,68.2,
Ava,David,female,18,1,8,75,
Xavier,Pugh,male,15,2,3,69,
Amethyst,Logan,female,18,4,6,66.1,
Ulric,Gay,male,19,2,10,80.9,
Brandon,Sherman,male,18,1,13,83.1,
Dolan,Anderson,male,15,2,8,72.3,
Aspen,Ayers,female,14,2,14,96.8,
Signe,Bentley,female,14,1,6,71.8,
Lunea,Perkins,female,14,2,10,85.3,
Alvin,Bullock,male,16,1,18,90.1,
Herman,Potter,male,17,4,14,88.4,
Keane,Morales,male,17,4,14,97.3,
Peter,Douglas,male,18,5,7,83.2,
Neil,Carr,male,16,1,13,79.1,
Cairo,Rowe,male,14,4,11,88,
Caryn,Townsend,female,18,5,14,83.5,
Aspen,Carlson,female,16,3,6,77.2,
Josiah,Dennis,male,14,1,14,86.1,
Gareth,Coleman,male,17,3,15,83,
Germaine,Harrington,female,17,2,10,85.3,
Lev,Brown,male,17,2,10,71.8,
Jackson,Ballard,male,19,1,19,91.2,
Martin,Weber,male,14,1,14,77,
Drake,Kelley,male,19,5,13,96,
Armando,Hutchinson,male,17,3,14,97.5,
Clark,Wilkins,male,16,4,10,89.2,
Wanda,Jones,female,16,3,14,84.7,
Shay,Luna,female,17,3,8,77.7,
Quentin,Hines,male,17,4,16,85.5,
Karleigh,Jackson,female,15,3,13,97.3,
Xaviera,Howell,female,14,1,17,92.5,
Clayton,Avery,male,18,1,11,86.9,
Oprah,Stevens,female,15,5,10,78.7,
Katelyn,Conway,female,19,5,10,74,
Amal,Terry,male,15,4,3,66.3,
Akeem,Patterson,male,18,3,8,76.2,
Aubrey,Carrillo,female,18,4,16,87.1,
Candice,Jarvis,female,14,4,8,68.9,
Colby,Whitley,male,19,3,11,82.8,
Cooper,Thomas,male,16,2,12,80.1,
Whoopi,Lang,female,15,5,4,76.1,
Mona,Lester,female,17,2,12,78.8,
Jocelyn,Quinn,female,19,1,4,61.1,
Reece,Heath,male,14,3,12,83.5,
Vera,Molina,female,14,2,11,83.6,
Caleb,Francis,male,17,3,11,76.8,
Buckminster,Knox,male,18,3,11,79.6,
Dexter,Dalton,male,14,3,8,72,
Gage,Tyler,male,19,1,14,77.7,
Kendall,Adkins,female,14,1,13,85.7,
Charles,Sears,male,18,1,4,74.3,
Brynn,Oconnor,female,18,5,5,64.7,
Alec,Sparks,male,15,2,13,90.1,
Rogan,Conley,male,14,4,10,71.9,
Hashim,Clark,male,14,1,8,79.9,
Quintessa,Byrd,female,19,2,7,73.5,
Odette,Merrill,female,17,4,7,85,
Xander,Woodward,male,14,2,9,71,
Jenna,Bartlett,female,17,2,12,81.7,
Kylan,Sutton,female,19,1,10,81.7,
Dahlia,Bowman,female,18,3,8,82.3,
Phillip,Savage,male,19,2,19,100,
Maxwell,Blake,male,15,2,17,100,
Louis,Joyner,male,19,2,19,100,
Sophia,Allison,female,17,5,9,82,
Vera,Russell,female,18,4,16,100,
Ann,Reese,female,16,4,14,93.1,
Calista,Montoya,female,16,4,17,91.5,
Len,Hamilton,male,17,1,13,90.1,
Bo,Hendricks,female,19,3,9,79.9,
Wilma,Farrell,female,14,2,15,80.7,
Yael,Hatfield,female,19,2,18,100,
Salvador,Perkins,male,16,2,17,99.9,
Roary,Howe,female,16,1,18,85.4,
Christen,Nelson,female,15,4,10,73.9,
Graham,Morse,male,16,5,16,99.3,
Judah,Vega,male,15,4,13,95.2,
Geoffrey,Warren,male,18,1,12,86.6,
Slade,Delgado,male,14,5,10,83.2,
Danielle,Hartman,female,16,4,13,89,
Murphy,Michael,male,14,1,19,100,
Kareem,Fisher,male,18,2,14,82.5,
Henry,Lowe,male,14,2,8,78.4,
Keely,Moran,female,18,5,11,84.3,
Honorato,Savage,male,15,3,13,93.9,
Chaim,Sawyer,male,18,5,12,77.1,
Todd,Horn,male,19,4,17,88.7,
Tara,Cook,female,16,3,10,77.1,
India,Macdonald,female,15,2,15,85.5,
Alfreda,Farley,female,16,2,13,76.8,
Paki,Schwartz,male,17,3,16,90.6,
Harper,Harris,male,18,5,10,73.3,
Charles,Moon,male,17,4,10,87.3,
Michelle,Cross,female,14,5,11,95.1,
Porter,Cameron,male,15,4,7,81,
Clayton,Nelson,male,16,4,10,86.4,
Inez,Reese,female,19,2,8,74.3,
Levi,Coleman,male,19,3,3,55.9,
Lyle,Sampson,male,18,1,10,88.8,
Mariko,Lynch,female,18,1,7,69.5,
James,Morrison,male,18,3,13,82.7,
Tatum,Grimes,female,15,1,15,91.1,
Lyle,Kline,male,18,2,10,76.6,
Isabella,Stewart,female,19,2,17,92.5,
Gage,Harrington,male,17,2,11,77.2,
Graham,Bonner,male,17,1,12,88.2,
Helen,Levine,female,18,4,17,94.5,
Chanda,Sellers,female,15,3,5,64.9,
Karly,Ramirez,female,17,3,8,86.6,
Fitzgerald,Goff,male,18,1,4,59.8,
Jayme,Ferguson,female,19,2,12,90.7,
Angela,Watts,female,17,3,9,81.5,
Dana,Chen,female,15,3,12,93.7,
Ifeoma,Melton,female,14,5,8,75.1,
Cairo,French,male,14,5,9,87.2,
Fitzgerald,Welch,male,16,5,16,93.4,
Carlos,Price,male,15,3,20,92.4,
Macy,Hawkins,female,19,5,15,84.1,
Halla,Norman,female,15,1,7,68.4,
Illiana,Riddle,female,16,3,9,82,
Juliet,Good,female,14,5,15,100,
Tamekah,Perez,female,18,4,5,70.9,
Lucian,Myers,male,16,1,7,64.9,
Isaac,Webb,male,14,5,11,80.9,
Hakeem,Roth,male,17,5,10,90.6,
Basil,Santos,male,17,4,10,84.1,
Nora,Gaines,female,19,3,15,98.9,
Malik,Goodman,male,15,3,18,86.8,
Abbot,Kinney,male,16,4,18,87.5,
Tanek,Mclaughlin,male,19,2,14,89.5,
Phyllis,Moore,female,18,2,14,92.4,
Vance,Byrd,male,18,4,17,91.5,
Sandra,Foreman,female,14,5,14,86.4,
Carol,Orr,female,15,2,12,87.3,
Zenaida,Page,female,17,4,18,95.6,
Ezekiel,Wilder,male,15,2,4,62.8,
Reece,Baker,male,14,1,12,84.6,
Gail,Mcneil,female,17,2,3,56.1,
Neil,Collins,male,17,4,12,94.9,
Piper,Trevino,female,14,1,7,73.4,
Maxwell,Phelps,male,14,3,7,68.7,
Iris,Carr,female,18,1,14,79.2,
Zoe,Collins,female,16,2,15,83.7,
Kevin,Townsend,male,14,5,2,60.1,
Orson,Stone,male,19,1,16,85.1,
Lionel,Dodson,male,18,4,13,84.9,
Mari,Collins,female,18,3,15,97.5,
Stewart,Kidd,male,19,1,9,80.7,
Levi,Horton,male,17,3,8,85.5,
Phelan,Frye,male,16,5,19,100,
Jeanette,Allison,female,17,1,9,85,
Xanthus,Mcneil,male,16,3,4,59.8,
Keelie,Valencia,female,17,3,9,84.2,
Lillith,Bradley,female,16,2,19,92.4,
Sandra,Richards,female,19,4,9,71.9,
Jarrod,Strong,male,14,3,11,76.1,
Yolanda,Hull,female,14,5,8,80.3,
Felix,Coleman,male,17,5,16,87.3,
Luke,Morrison,male,19,5,2,70.1,
Rana,Sawyer,female,17,1,16,88.5,
Adena,Robinson,female,14,3,19,100,
Bert,Hayden,male,14,5,14,84.9,
Jada,Spence,female,15,5,7,74.6,
Orla,Waller,female,18,4,17,91.3,
Hayden,Griffin,male,18,5,8,83.5,
Demetria,Espinoza,female,16,5,17,92.5,
Castor,Mullins,male,18,4,12,82.7,
Alisa,Randall,female,19,3,13,80.3,
Maxine,Estrada,female,14,3,17,87.4,
Wilma,Tyler,female,19,3,4,67,
Kirk,Mckinney,male,14,5,10,83.7,
Nadine,Clarke,female,15,1,7,70.1,
Brianna,Holloway,female,18,4,18,100,
Thane,Stevenson,male,14,4,9,82.4,
Yvette,Franklin,female,14,5,8,72.8,
Ezekiel,Mays,male,19,2,7,74.5,
Armando,Mccarty,male,15,3,13,93.8,
Kaseem,Finch,male,18,1,16,97.1,
Lydia,Cook,female,16,5,7,71.7,
Tatum,Hall,female,16,1,7,75,
Erin,Mercado,female,15,4,9,71.4,
Beatrice,Price,female,17,4,14,82.5,
Carlos,Ingram,male,16,5,17,98.7,
Neve,Barnes,female,19,2,9,79.8,
Aileen,Sutton,female,18,5,16,91.4,
Craig,Roberts,male,14,1,5,66.4,
Chelsea,Holloway,female,19,4,12,91.4,
Emerald,Mckinney,female,17,3,8,78.4,
Nero,Kennedy,male,14,4,14,88.3,
August,Green,male,16,2,9,87.2,
Colleen,Holland,female,18,1,5,70.2,
Zenaida,Maynard,female,16,2,19,91.3,
Lavinia,Carr,female,16,2,4,62.2,
Stone,Miles,male,15,4,12,87.4,
Aurora,Gould,female,15,3,18,90.3,
Carlos,Aguirre,male,16,4,7,82.2,
Randall,Weaver,male,18,1,15,83.1,
Armando,Mcclure,male,19,2,14,93.2,
Haley,Mcgowan,female,17,3,16,90.4,
Fritz,Rojas,male,17,5,13,79.5,
Allistair,Boyer,male,14,3,10,74.2,
Ella,Patterson,female,16,1,8,68,
Felix,Freeman,male,15,4,11,75.2,
Dean,Oneil,male,16,2,8,74.5,
Quinlan,Hawkins,male,14,3,18,85.6,
Kiara,Lott,female,17,2,12,82.7,
Kai,Woodard,female,17,5,17,100,
Maxine,Raymond,female,17,4,19,91.9,
Leah,Lawrence,female,15,5,15,100,
Kalia,Lewis,female,18,1,6,61.4,
Anthony,Palmer,male,14,1,14,93.1,
Joshua,Randolph,male,15,1,4,72.7,
Akeem,Luna,male,15,4,6,74.4,
Indigo,Mccoy,female,19,2,14,91.3,
Price,Wall,male,15,5,11,78.6,
Quinn,Patterson,male,15,1,14,78,
John,Ford,male,14,2,14,91.2,
Adena,Battle,female,17,2,8,70.2,
Craig,Obrien,male,16,3,7,64.9,
Isabelle,Barber,female,14,5,9,78.5,
Risa,Watson,female,14,2,10,74.3,
Emerson,Gill,male,17,5,5,67.5,
Cody,Shepherd,male,19,1,8,80.1,
Geraldine,Peterson,female,16,4,18,100,
Mercedes,Leon,female,18,3,14,84.9,
Lucius,Rowland,male,16,1,7,69.1,
Linus,Morris,male,19,4,10,79.6,
